week_start,global_total_events,global_disruption_events,extreme_crisis_events,high_velocity_media_events,black_swan_candidate_events,global_avg_impact,global_worst_event_impact,global_avg_sentiment,global_total_media_mentions,global_peak_event_media,maritime_conflict_events,infrastructure_attack_events,trade_restriction_events,protest_events,middle_east_disruption,asia_disruption,europe_disruption,russia_ukraine_disruption,egypt_disruption,yemen_disruption,unique_sources
2018-01-05,251442,70842,19044,53,8,0.5331283805281577,-10,-2.197483911934847,1510540,736,2919,403,17003,2689,6053,1243,1116,3109,736,549,74902
2018-01-12,296571,81076,22254,27,5,0.5767333960501875,-10,-2.007298243868629,1758585,340,3463,339,18105,3245,4922,1479,1282,3708,603,385,87655
2018-01-19,312641,84236,25340,48,5,0.5825486740382736,-10,-1.90089880944347,1870024,1070,4132,388,18214,2915,4060,1637,1478,3860,644,412,92107
2018-01-26,304329,80164,22848,30,7,0.6345458488594465,-10,-1.8063263787164443,1811800,460,3754,357,17934,2667,3079,1306,1292,4149,543,297,89488
2018-02-02,300174,81431,24080,97,5,0.5602020827919802,-10,-1.9748384623838249,1842762,486,4003,591,18286,2638,3916,1498,1465,4247,561,383,90463
2018-02-09,292230,79074,23865,50,3,0.5646360743250177,-10,-1.9196738474047936,1770810,466,3659,296,18175,2658,3868,1353,1076,3860,870,288,86440
2018-02-14,310241,82057,24397,34,7,0.6197599270240041,-10,-1.809172933701744,1855042,370,4604,288,18783,2372,5162,1463,1234,4186,684,268,92249
2018-02-23,302288,83619,24623,31,1,0.5162374953686552,-10,-2.0573467812399246,1779693,317,5010,317,19107,2970,3433,1386,1798,4615,568,201,88057
2018-03-02,303113,84027,26002,54,2,0.4669608363877496,-10,-1.9475089821472624,1824615,554,5212,363,18660,2905,2956,1555,1521,5368,535,227,91012
2018-03-09,323391,81730,22444,52,3,0.7827533852209867,-10,-1.655173533101719,1887739,354,4038,258,18235,3829,3328,1936,1386,3621,616,278,92942
2018-03-16,326562,89261,25720,43,6,0.5385037971582548,-10,-2.0242363277564905,1944876,534,3894,260,19636,3823,3445,1380,1734,8890,588,217,96287
2018-03-23,302841,82704,23290,35,5,0.5944720166688122,-10,-1.85608737379386,1804329,680,4493,298,18684,3563,3545,2198,1264,5509,455,347,90045
2018-03-30,266398,77836,22828,47,2,0.3332274762853939,-10,-2.059487818020999,1561502,490,4713,456,19496,3164,5563,1364,1278,8588,504,380,77045
2018-04-04,330174,88168,25854,46,5,0.6194227891959999,-10,-1.976364986267957,1922175,497,5425,285,19402,3491,4513,2062,1469,6202,509,472,94196
2018-04-13,320479,90678,28446,28,2,0.4054537625282393,-10,-2.1927101019297472,1829264,312,4246,1260,19184,2957,4966,1609,1698,7840,452,276,87855
2018-04-20,295607,79873,24159,18,0,0.5424935810045098,-10,-1.806303295345084,1733615,500,4700,761,17615,3441,4023,1884,1433,4383,436,282,85603
2018-04-27,300268,76037,22880,16,5,0.7327837132161937,-10,-1.5956151887894556,1749848,310,3690,335,17433,2901,4328,1730,1521,3232,329,400,87776
2018-05-04,290797,76155,21502,36,5,0.6919803161655737,-10,-1.7609104427394917,1718710,760,3816,322,17684,2645,4246,1979,1392,3695,456,345,86740
2018-05-11,317232,83624,26625,29,6,0.6696408306854293,-10,-1.7127900182782263,1821605,413,4406,1547,18021,3023,11739,1698,1454,3238,469,367,88963
2018-05-18,313652,82054,24888,44,1,0.6503602718936902,-10,-1.772064411152244,1834818,480,5374,346,17726,3307,7165,1584,1246,4530,707,193,91341
2018-05-25,297695,79812,23025,36,3,0.625873125178454,-10,-1.8629219631743208,1746903,404,4797,676,18579,2459,4135,2350,1939,5638,395,353,87219
2018-06-01,284985,73958,20868,35,3,0.7306473345872047,-10,-1.6965360698011271,1674570,620,4141,271,16695,2597,3881,1649,1571,4467,351,206,84453
2018-06-08,287779,73090,21018,42,10,0.7500999030506049,-10,-1.704664415679764,1687586,3312,3619,200,16830,2752,4267,1977,1655,4062,356,282,82526
2018-06-15,272345,70764,20537,28,2,0.7250990471644417,-10,-1.695898764328185,1601126,518,3587,233,15778,2400,2910,1989,1203,3283,315,687,79443
2018-06-22,298365,76507,21275,50,0,0.7774987012551738,-10,-1.7626636753233225,1789045,650,3568,276,17614,2640,3466,1478,1785,3115,313,456,85745
2018-06-29,289186,75775,22478,37,10,0.7102498400677765,-10,-1.8071916529320569,1704411,488,5313,214,17130,2772,3179,1334,1382,3087,427,295,83097
2018-07-06,268369,71217,19982,19,3,0.6806508948500013,-10,-1.8299367875170465,1584064,352,3357,140,17487,2367,3840,2461,1411,3265,311,310,79424
2018-07-13,287365,75128,19560,24,1,0.730686168065589,-10,-1.7828127423051223,1679781,530,3021,262,17932,3058,3636,1614,1729,5382,476,313,83736
2018-07-20,270728,72782,20284,43,9,0.6179648570679255,-10,-1.8785502349277363,1587810,370,3456,268,16799,2477,3730,1566,1586,6052,323,310,76041
2018-07-27,261034,70911,21884,51,4,0.570790937509577,-10,-1.997496775384412,1525937,540,3931,275,16042,2541,4540,1603,1055,3933,447,414,73649
2018-08-03,253426,70917,20864,36,5,0.491017460787215,-10,-2.1249735856902583,1513596,495,3734,194,15784,2526,3836,2343,1149,4373,476,582,73545
2018-08-10,250189,72270,21892,43,4,0.3901914152900405,-10,-2.2632651514592528,1477548,440,3785,595,17547,2591,4418,1621,1223,4854,423,940,71710
2018-08-17,253296,67106,19163,29,6,0.6367159370854653,-10,-2.0084444577356804,1512734,34810,3298,207,15303,2184,2910,1888,1172,3835,419,321,72633
2018-08-24,258843,69393,19026,35,1,0.6343200318339687,-10,-2.0087321229741533,1511907,566,3280,205,16955,2086,3067,1989,1133,4396,395,467,73742
2018-08-31,277441,73333,20776,43,2,0.6872005219127667,-10,-2.0075519179054044,1610190,975,3123,285,16913,2537,3158,2007,2052,5221,407,265,76986
2018-09-07,287354,75455,22175,34,4,0.6421706327387126,-10,-2.05961758884221,1651509,312,3700,250,16511,2727,4225,1713,1316,5916,363,406,79702
2018-09-14,274505,69788,19515,38,8,0.7475302817799314,-10,-1.9745974043623504,1611602,630,2977,338,16131,2399,3581,1615,1444,5074,390,418,78818
2018-09-21,275962,73901,21702,35,7,0.6140968684094189,-10,-1.885545515988706,1615458,480,3821,303,17065,2172,4150,2706,1270,5262,217,261,78884
2018-09-28,280000,74112,21382,37,2,0.6591289285714288,-10,-1.7322992208834789,1636766,840,3163,207,15724,2640,4524,1983,2170,3826,289,250,79601
2018-10-12,272932,70968,20163,26,1,0.6844829481336012,-10,-1.803088439154124,1571227,444,2931,184,16525,2423,3374,1704,1374,3554,475,247,77872
2018-10-19,296348,78901,23922,39,2,0.6018032853267105,-10,-1.9629483666299703,1695060,720,3581,286,17365,2419,3535,1553,1018,3763,487,353,80872
2018-10-26,281309,72511,20744,35,7,0.698501647654359,-10,-1.824370018060038,1635616,660,3211,311,16149,2749,3126,1671,1177,3620,291,255,80799
2018-11-02,283984,77292,23371,43,1,0.5699095723702745,-10,-2.0365252947245165,1637971,780,4303,227,17226,2911,4690,1839,1169,3578,984,473,78808
2018-11-09,281716,75204,23193,41,5,0.5935388601955881,-10,-1.8051522973980567,1634326,384,4587,173,17178,2832,3026,1621,1870,4854,372,434,80590
2018-11-16,275031,72556,20493,18,6,0.6711683901275505,-10,-1.8774713491009132,1611463,370,3100,277,16610,2625,3161,1526,1114,3536,375,347,79643
2018-11-23,237965,65774,20863,23,3,0.5165536948710948,-10,-1.8680798848059408,1444456,576,3618,261,13642,2324,2746,2964,1154,3629,250,262,70807
2018-11-30,298861,77844,21373,30,5,0.7069979020347243,-10,-1.8042827208722216,1701792,528,3517,349,19885,2969,3580,1966,1479,10762,408,499,81966
2018-12-07,265477,71322,19373,24,4,0.6413372909894273,-10,-1.9475474389225056,1543181,800,3135,233,17157,2420,3678,3044,988,5138,288,403,76181
2018-12-14,264746,75499,21064,18,2,0.4789953389286333,-10,-2.0208161174299386,1555047,360,4000,166,17587,2700,3997,2640,1220,4087,321,586,76899
2018-12-21,255112,71531,19286,18,3,0.6804866098027536,-10,-2.1070316033978447,1484265,480,2979,155,17077,2749,3132,2812,1215,4144,241,226,72738
2018-12-28,201878,56872,17062,12,1,0.5328541636739199,-10,-2.1144829714417432,1155348,230,3047,228,12851,1881,3037,1489,891,3562,750,136,57657
2019-01-04,212939,58829,16576,8,0,0.5585327253344852,-10,-2.1492586233510687,1217955,486,2867,177,14123,1937,2905,2190,1034,3049,452,310,61885
2019-01-11,251724,68095,18385,13,1,0.6412789404268167,-10,-2.069539283990213,1440865,648,3214,210,15918,2895,3342,2132,1450,3645,616,253,73331
2019-01-18,264444,68781,19188,19,3,0.6848871594742177,-10,-1.9101303359909492,1525846,840,3106,395,16751,2597,2987,2112,1187,4013,353,204,75456
2019-01-25,265646,70890,18921,8,1,0.6807277354072712,-10,-1.9085931923041823,1518341,320,3278,236,17146,2898,3104,1906,1057,4643,382,174,75603
2019-02-01,261557,67998,17808,20,0,0.767711435748231,-10,-1.8613126318932376,1515244,370,2867,207,16012,2515,2848,1723,1125,4182,333,180,75440
2019-02-15,279818,75418,22028,11,1,0.6342572672236951,-10,-2.123476160009049,1597748,336,3362,403,15818,2919,3821,1819,1375,3877,342,230,78394
2019-02-22,275158,74994,20687,11,2,0.6120857834407871,-10,-1.919688168726944,1556453,320,3323,216,17708,2756,2838,2001,1148,3609,424,160,77426
2019-03-01,278990,74514,20917,12,4,0.6613562639119385,-10,-1.8475976255364015,1567209,378,3549,293,16959,2782,2758,2114,1134,3717,331,120,78379
2019-03-08,250800,68848,18028,8,2,0.5859944178628389,-10,-1.9561452318846513,1425183,432,3080,197,16675,3433,3760,1727,1273,2806,793,151,71868
2019-03-15,281385,84994,26589,16,1,0.2502958579881654,-10,-2.406427565635907,1637848,860,6511,638,17851,4300,3940,2036,1291,3943,437,203,81492
2019-03-22,267646,73466,20081,25,2,0.5768029411984485,-10,-2.009502577266231,1542802,1010,3852,174,17413,3028,4060,2019,1362,3865,336,126,76433
2019-03-29,273768,70707,18495,17,3,0.7547792291283133,-10,-1.7920824912821032,1577695,240,3157,264,16314,3051,3268,1765,1152,3807,428,193,77384
2019-04-04,279321,72128,19758,18,3,0.7198305891787588,-10,-1.781190920053502,1627199,580,3307,216,16478,2515,2842,1663,1223,3518,455,232,81453
2019-04-12,273394,75149,19445,17,1,0.5927876684017421,-10,-2.1561413060909738,1551963,300,3203,154,19519,2879,2448,1355,990,3447,467,94,77092
2019-04-19,217258,58767,17159,16,3,0.534124405085198,-10,-1.970557734819522,1240832,338,3325,183,13510,2127,2150,1037,754,3527,331,233,62097
2019-04-26,250628,65311,18363,19,3,0.7086782696128897,-10,-1.8510304474724184,1449789,240,3193,314,15695,2329,2157,1740,942,3668,290,186,71759
2019-05-10,252225,67282,19189,20,4,0.6586643565416316,-10,-1.93466876481867,1448605,280,3307,693,15653,2393,3577,2399,1151,3075,359,141,72141
2019-05-17,250414,67740,19071,35,3,0.5854285303537344,-10,-1.9348832988713436,1457691,460,3004,278,16807,2324,4361,2104,1168,3167,329,381,72334
2019-05-24,254955,66465,18191,19,0,0.733950438118249,-10,-1.8079610393730168,1481772,460,2810,358,16158,2229,3311,2201,1026,2900,302,289,73775
2019-05-31,253262,66885,18465,15,0,0.6583249757168473,-10,-1.9075169978517343,1440800,368,3220,279,15718,2241,3739,2313,1458,3432,342,140,71358
2019-06-06,265821,67394,20085,22,5,0.7374448875178693,-10,-1.7465287585189162,1507839,258,3463,224,15086,2190,2541,2119,2210,3646,441,152,74016
2019-06-14,257681,68601,19792,8,1,0.6561109170644629,-10,-1.9520565997019217,1488899,480,3090,523,14748,2920,5733,2149,971,3067,301,357,72590
2019-06-21,256588,71605,21031,17,1,0.4964678647008618,-10,-2.0862389601839944,1492636,360,4435,478,16124,3322,7907,1964,1199,4391,457,355,72249
2019-06-28,269472,69006,19292,30,2,0.7217273037643978,-10,-1.8161619696456828,1528889,550,3544,196,15696,2408,3582,1981,1288,3819,297,163,73617
2019-07-05,217617,56932,15824,7,0,0.6897852649379412,-10,-1.7968130419092807,1289620,270,2647,217,13372,2248,3099,1765,972,3195,356,119,63721
2019-07-12,241100,63428,16973,8,0,0.6925184260407552,-10,-2.037222368245896,1395814,200,2689,255,15216,2172,3696,1914,990,3642,400,171,69249
2019-07-19,241376,67314,18766,18,2,0.543436092686423,-10,-2.1444422485681933,1396576,1440,3271,221,15796,2236,5205,1562,1374,3603,456,156,69405
2019-07-26,225131,59443,16935,21,0,0.6654965331296002,-10,-1.9168629235250223,1314655,264,2914,385,13615,2023,3110,1584,800,3178,306,132,65720
2019-08-02,233736,64077,18838,14,2,0.5504530752644009,-10,-2.12368923650981,1328132,330,3379,514,14490,2229,2829,2020,1031,3572,231,372,66091
2019-08-09,231536,63921,19377,2,1,0.512912030958468,-10,-2.15351016344637,1327344,170,4558,268,14344,2594,2649,2014,824,2703,387,376,65698
2019-08-16,229829,64131,18450,6,1,0.4817838479913328,-10,-2.0908863350217683,1299173,340,3848,319,14915,2478,4818,2292,900,2856,223,220,63871
2019-08-23,241119,64006,18103,11,0,0.6524774074212317,-10,-2.0885220790031127,1355961,200,2832,220,14042,2665,3402,2491,971,3335,200,301,65961
2019-08-30,240900,63370,17859,8,1,0.6980581154005818,-10,-1.9853609660869973,1385153,230,2915,212,14886,2382,3103,2117,1084,2967,170,497,67335
2019-09-06,242256,61234,17163,10,3,0.7798535433590903,-10,-1.90344347860224,1406812,300,3098,265,14151,2440,2532,1741,999,3332,167,218,68518
2019-09-12,259373,66542,17959,10,0,0.7371692504616905,-10,-1.8306094689823784,1493724,320,2840,423,15622,2252,4095,1783,1087,3376,235,147,74781
2019-09-20,252258,66108,17390,10,1,0.6862196639947987,-10,-1.938739390115916,1445063,440,2752,411,15278,4024,4829,1750,1096,3098,297,617,70235
2019-09-27,262340,66805,17012,11,2,0.749960356788899,-10,-1.9568700026838328,1497282,480,2987,218,15690,3072,3988,1639,1239,4234,616,169,72997
2019-10-11,268385,74454,22440,13,1,0.5189414460569703,-10,-2.0340101709242324,1517027,260,3081,612,16097,3129,3706,1847,1297,4070,357,196,73971
2019-10-18,257871,69721,19910,14,1,0.6706709944119353,-10,-1.9264745763247304,1483193,420,3418,213,15992,3100,1794,1288,1159,3125,274,87,72691
2019-10-25,243219,63503,17605,3,0,0.7204544052890601,-10,-1.7649773405826614,1413737,210,2900,74,14546,2979,1816,1844,1050,3814,255,73,69357
2019-11-01,219641,57830,16883,4,1,0.6603234368810919,-10,-1.866005513284661,1262031,330,2765,296,13138,2581,2158,1355,851,3362,192,128,63161
2019-11-08,240662,63547,17580,13,1,0.6792173255437086,-10,-1.8396871429142343,1399637,500,2924,202,14396,2657,2039,1531,1456,3770,264,100,69384
2019-11-15,240948,65007,18262,21,2,0.6003996712983715,-10,-1.9551136976939871,1399627,448,3609,393,15089,2663,2816,1837,1092,4722,415,88,68180
2019-11-22,237916,62524,16792,9,0,0.665022949276215,-10,-1.980934770128006,1394648,270,2965,205,14810,3184,2811,1782,991,3756,220,113,68531
2019-11-29,197280,51323,14612,24,4,0.7063290754257913,-10,-1.8538285102083072,1210262,440,2752,229,10991,3077,2402,1536,1081,2524,221,114,59489
2019-12-06,233551,63402,19580,9,0,0.5577290983360877,-10,-2.0727359985633016,1356779,520,4321,158,13795,2731,2728,1481,1489,3745,239,123,67061
2019-12-13,233968,62366,17739,25,1,0.6746450338938134,-10,-1.7942926553035807,1356423,280,3312,216,14023,2894,2091,1559,1185,3316,255,77,67232
2019-12-20,225985,63265,17068,6,1,0.5646702214748767,-10,-2.09776944006584,1306436,220,3002,201,15269,3706,2235,1739,961,3516,285,48,64522
2019-12-27,166172,48425,14931,7,3,0.4088534771200925,-10,-2.1961513896093336,980535,560,2412,401,10632,2495,2680,1371,725,2738,300,104,48484
2020-01-03,4083,1143,607,0,0,0.353686015184913,-10,-2.471360744812696,20979,70,35,49,189,43,401,45,10,25,0,5,1643
2020-01-10,257472,77070,27554,3,0,0.1911811769823513,-10,-2.4299740183725627,1446426,520,4803,2068,15826,3138,13681,1309,991,5088,299,161,70672
2020-01-17,245211,65961,19502,16,0,0.6437745451876133,-10,-2.0382828646215296,1391132,310,3182,917,14330,2623,6031,1616,1397,3834,496,84,68203
2020-01-23,260375,65539,18829,8,3,0.7254740278444561,-10,-2.0751293376454543,1496819,380,2940,390,14688,2293,3776,2205,1302,3536,259,169,73868
2020-02-14,242058,63902,18147,7,0,0.6269505655669297,-10,-1.955081127078634,1392302,330,2938,398,15028,2164,3127,3199,1305,3542,350,198,67902
2020-02-21,245524,65384,18000,9,1,0.6131438323245981,-10,-2.123957396166383,1396884,370,2950,365,16057,2879,2407,3024,1692,4976,158,171,68489
2020-02-28,256667,67518,20879,6,0,0.5870345117779528,-10,-2.3341955793338447,1452535,330,2880,389,15557,2498,2764,2724,798,4277,264,149,70332
2020-03-06,244596,60433,16799,8,1,0.7619400971397736,-10,-2.131375189477264,1421765,373,2636,201,14891,2417,2356,1956,937,3337,326,60,69564
2020-03-13,222818,55687,13650,12,1,0.6979270076923773,-10,-2.185543672034348,1314407,550,2010,717,18712,1592,2732,1946,773,2276,340,131,66955
2020-03-20,213765,51166,11569,11,1,0.8907664959184151,-10,-2.245693360502591,1319731,260,1515,184,16116,1500,1922,2171,797,1810,238,98,69039
2020-03-27,208545,47708,11159,16,0,1.0672252990961193,-10,-2.204828114349271,1285249,280,1471,170,12498,1443,1724,2226,850,1722,233,121,68261
2020-04-03,207400,48347,11751,14,1,1.0233191899710752,-10,-2.222304672333863,1276348,360,1620,117,12310,1276,1613,1778,834,2471,177,96,67156
2020-04-10,179113,41344,11062,4,1,1.0041655267903489,-10,-2.0918316126401617,1104174,260,1527,111,9991,1152,1272,2024,783,1943,158,191,58437
2020-04-17,197824,45291,11337,10,1,1.09251203089615,-10,-2.1075291690436666,1214597,280,1648,148,10432,1648,1485,2320,732,1912,184,132,64235
2020-04-24,200499,47478,12519,8,1,0.9871146489508684,-10,-2.0078687355058853,1235755,340,2031,98,10282,1600,1690,2041,939,2188,212,69,64374
2020-04-30,209122,50597,13476,5,1,0.922500263004368,-10,-1.989202199620904,1270486,480,2017,135,10945,1662,1986,2233,1368,2359,257,100,67148
2020-05-08,206291,50852,14386,12,1,0.8462817088481814,-10,-2.07033380814804,1237004,230,2387,206,11094,1546,1896,2039,1532,3042,274,184,63552
2020-05-15,194814,48388,12849,5,0,0.8625427330684677,-10,-2.0214175935396663,1195071,410,2015,79,10209,1681,1918,2521,946,2235,218,140,62058
2020-05-22,194315,48890,12855,10,0,0.8258227704785577,-10,-2.018594998801852,1174053,460,2194,68,10614,1586,2308,2748,719,2622,253,119,61357
2020-05-29,204998,58230,16589,7,0,0.4679608382602587,-10,-2.4574487272980874,1230996,305,3188,74,12810,4112,1469,3470,799,2413,159,71,63984
2020-06-05,221768,65982,17641,10,0,0.3618294794560081,-10,-2.6464907428270426,1313463,270,2946,90,14057,6934,2599,2349,1629,2417,310,82,64982
2020-06-12,213202,58853,15702,7,0,0.5712104014033641,-10,-2.3190295926485534,1259826,290,2765,152,12273,4487,1753,2025,1003,1873,262,81,63091
2020-06-19,218738,59013,15848,8,1,0.6238289643317578,-10,-2.172190683032745,1277685,230,2951,91,12692,3496,1982,4301,1419,2670,380,71,64099
2020-06-24,222223,59394,15667,8,0,0.6551464069875755,-10,-2.1432282815734807,1316060,720,2529,175,13288,2776,3259,2654,1243,2056,609,206,66996
2020-07-03,194329,52876,13752,13,3,0.5889254820433387,-10,-2.2466240122986028,1169042,290,2301,96,12158,2259,1824,2956,964,2354,311,102,58759
2020-07-10,206786,56536,14851,7,0,0.5581437635406999,-10,-2.214820261777964,1226282,210,2703,89,12397,2371,2196,2936,1034,2722,355,84,62464
2020-07-17,202960,55546,14745,8,0,0.5601699842333465,-10,-2.2250643705494024,1198363,270,2389,165,12651,2181,2226,2388,1127,2687,442,141,61090
2020-07-24,204288,55581,14248,11,0,0.6209493460213033,-10,-2.1426018183514146,1210794,600,2320,193,13380,2376,2191,3938,816,2528,354,50,60632
2020-07-31,188974,51043,13674,7,1,0.6007228660633963,-10,-2.173301640392337,1124265,580,2498,188,11729,2053,1706,2248,788,2696,235,56,57206
2020-08-07,199720,53662,14078,10,0,0.6372085920288402,-10,-2.3011213350457327,1171899,440,2324,158,12933,2191,1880,3311,789,2379,377,81,59990
2020-08-14,213595,54960,13675,7,0,0.8014621128771743,-10,-1.9735129624661536,1231763,400,2231,109,12331,2769,3526,1837,900,2208,304,77,60924
2020-08-21,200582,54212,14269,12,2,0.6126437068131737,-10,-2.1715351109594327,1156809,260,2401,279,11738,2451,2638,1860,1105,2793,307,66,58563
2020-08-28,201365,56091,15931,3,1,0.5014168371704972,-10,-2.2732352362755286,1179886,580,3560,275,12785,2938,1651,2310,891,3151,304,90,59470
2020-09-04,207839,54884,14879,13,1,0.6513669431667272,-10,-2.1680317983545487,1209576,480,3106,123,11917,2694,1469,2260,1209,2927,177,60,60602
2020-09-11,215512,56005,15849,6,2,0.720106072979695,-10,-1.9977793429249704,1254582,570,2468,230,11995,2408,1983,2116,903,2759,223,77,62358
2020-09-18,202181,52525,13772,9,1,0.7301798883178933,-10,-1.9110841738892503,1188829,224,2542,119,11831,2198,1545,2614,898,2564,234,100,60290
2020-09-25,191976,53270,14343,5,0,0.5209653390563304,-10,-2.1130111709998114,1131116,560,3241,95,11828,3084,1738,1605,709,2272,313,103,55892
2020-09-30,204273,55060,16048,3,1,0.611812681131041,-10,-2.227133410102786,1184393,200,2655,314,10933,2173,1507,1626,797,2899,274,67,58994
2020-10-09,118149,31496,8467,8,2,0.6476432301585286,-10,-2.29191719763907,670373,363,1394,82,7430,1707,997,863,359,1195,82,36,31168
2020-10-16,72117,19488,5121,12,0,0.6473452125077997,-10,-2.2058762832602867,438855,266,765,129,4317,872,664,634,418,1029,61,21,20530
2020-10-23,94385,25499,7022,14,2,0.5714361392170366,-10,-2.2976637107438007,542670,410,1105,143,5297,1234,986,1201,332,1222,96,52,24119
2020-10-30,69180,19950,5790,4,1,0.3780774790401849,-10,-2.3319350945375215,418595,288,1150,98,3854,1269,624,656,300,881,58,27,19222
2020-11-06,46572,13094,3717,0,0,0.4619406510349564,-10,-2.08662882593825,278066,130,655,44,2594,619,352,381,289,470,53,15,13170
2020-11-13,30209,7486,2060,7,0,0.7570757059154553,-10,-1.8740543688288305,186697,310,366,21,1561,311,196,358,70,298,53,9,8647
2020-11-20,202905,52595,14115,7,0,0.7386995820683672,-10,-1.9241271676294724,1201723,382,2464,339,11637,2067,1973,1466,1133,2040,446,191,61102
2020-11-27,166657,43929,12048,12,3,0.703672835061444,-10,-1.9255153800332736,1021855,338,1994,147,9604,1909,3742,1461,723,1829,196,107,51521
2020-12-04,186439,49064,12756,8,0,0.7392080928576031,-10,-1.856444496711274,1134615,560,2566,81,10914,2024,2391,1988,806,2312,241,99,57488
2020-12-11,192133,49346,13030,11,2,0.798265784638766,-10,-1.6510413753891566,1146179,597,2596,167,10835,2075,1720,1712,925,2248,237,73,58141
2020-12-18,181772,46166,13007,12,1,0.7903119859603563,-10,-1.6767122209762733,1106162,652,2538,124,10492,1655,1338,1472,662,2251,277,62,55738
2020-12-25,100290,25979,8161,5,0,0.7003011267324755,-10,-1.682131424975258,623186,222,1614,238,5851,916,1567,798,335,1583,150,32,31135
2020-12-31,145236,38772,11571,7,0,0.6367746288798921,-10,-1.8562449728414552,872406,771,2294,273,8418,1619,2731,1768,521,1214,358,495,42897
2021-01-08,185422,55256,15208,11,1,0.3729679587092877,-10,-2.4943135350714845,1078075,903,3128,210,12612,2430,2328,1334,717,1340,298,79,54840
2021-01-15,186281,50694,12860,4,0,0.6267568887862958,-10,-2.0438782218331384,1114860,1063,2679,166,12677,1799,1727,1715,848,1839,241,134,57180
2021-01-22,185430,48507,13099,23,1,0.7208509949846305,-10,-1.9135013165723704,1121825,488,2449,213,11585,1747,2155,1483,746,2516,325,123,57184
2021-01-29,188590,50115,13268,8,2,0.675904361935668,-10,-1.9228362592292032,1145496,1052,2702,113,11623,2063,1964,1762,1154,2468,225,112,57731
2021-02-05,193640,52592,13383,5,1,0.6445155959512496,-10,-2.0576536982295703,1154120,336,2791,98,12617,2314,2222,1698,1407,3366,308,414,57970
2021-02-10,199037,53171,14176,17,1,0.6503700354209055,-10,-1.9279962922125449,1208242,700,3096,120,11991,2363,2101,1497,906,2552,273,331,61903
2021-02-19,192689,49164,13689,8,0,0.7815972888955776,-10,-1.849926944221439,1155934,320,2763,185,10988,2012,2157,1557,869,2288,306,210,57997
2021-02-26,204620,57415,19037,19,2,0.4319304075847912,-10,-1.9493429175404928,1222927,708,3363,566,11621,2267,2699,1316,951,2848,187,259,60139
2021-03-05,187741,49846,14123,15,0,0.6364672607475191,-10,-1.9126630958448687,1137028,1093,3131,278,10865,2282,1826,1363,833,2181,250,162,56988
2021-03-12,187993,49129,13809,14,0,0.6759549557696295,-10,-1.8043256725402208,1143817,1093,3081,137,10995,2150,1882,1628,664,2143,333,211,57131
2021-03-19,197800,52968,15158,19,1,0.5898468149646101,-10,-2.034540717754367,1166585,1014,3737,205,11801,2115,1797,3171,825,2639,259,202,57348
2021-03-26,197179,53655,15286,7,1,0.5883892300904253,-10,-1.949683460276322,1185844,1093,3727,383,11629,2500,1668,2613,816,2370,413,290,58493
2021-04-02,165804,43807,13513,4,0,0.6042960362838049,-10,-2.024772893615187,978638,230,3051,155,9631,1770,1251,1340,604,3424,218,122,48187
2021-04-09,192984,48738,14805,6,0,0.6886643452306924,-10,-1.8343604294260856,1158873,270,3360,169,10431,1697,1809,1569,762,3251,245,149,56540
2021-04-16,190448,50186,14867,11,1,0.6391462101919188,-10,-1.9906082012024944,1137858,786,4117,247,11248,1801,1960,1513,781,4603,259,151,56477
2021-04-23,190854,50349,15341,16,3,0.6127752103702307,-10,-2.007965585458474,1136160,610,3444,272,11480,2014,2060,1373,751,4305,245,157,55813
2021-04-30,179167,46748,14196,7,2,0.6550927347111904,-10,-1.944943603680945,1073490,246,3157,129,10581,1786,1676,1350,707,3254,138,84,53540
2021-05-07,181419,47194,14269,13,1,0.6795660873447652,-10,-1.8195400317709247,1093569,1016,3382,144,10474,1800,2591,1383,866,2010,239,97,53663
2021-05-14,183003,52940,18594,9,2,0.3396075474172551,-10,-2.338938773034221,1086921,280,3507,1564,10439,2332,9540,1195,915,2355,410,31,53425
2021-05-21,191308,50422,16691,13,0,0.6213185021013232,-10,-1.9310081255747125,1119512,460,2935,986,10099,2164,6891,1402,698,2275,379,66,54421
2021-05-28,188164,50488,14633,9,2,0.604285091728492,-10,-2.0022831157607617,1127994,310,3021,236,11696,1897,2566,1811,1083,2971,173,44,55038
2021-06-04,181241,45998,12760,11,1,0.7619589386507468,-10,-1.8182540393839888,1078845,520,2887,169,10529,1624,1927,2277,717,2233,223,66,53236
2021-06-11,186389,46092,12980,13,2,0.8264361094270583,-10,-1.7057671850055347,1096160,364,2852,127,10410,1836,2198,1804,727,2240,180,112,53330
2021-06-18,173618,44090,13263,12,1,0.7521489707288419,-10,-1.7026228770949792,1037870,319,2855,194,9986,1481,2270,1299,624,2329,162,90,51325
2021-06-25,183230,47041,13494,10,0,0.6971248935752172,-10,-1.9727894428148385,1077831,1052,3038,191,10581,1675,1908,1518,1007,3024,192,48,52919
2021-07-02,166342,43253,12565,3,0,0.7210415890154022,-10,-1.9227076528754468,998385,270,2416,157,10010,1479,1388,1174,646,2023,163,72,49904
2021-07-09,175380,46954,15207,6,0,0.5872139765878466,-10,-1.972582248669476,1038974,360,2817,148,10988,1302,1717,1443,664,2197,376,89,51279
2021-07-16,175584,46103,14025,8,1,0.6325585766194713,-10,-2.078967297874632,1042448,310,2711,125,10324,2186,1187,1521,1260,1935,194,44,50965
2021-07-23,158399,41728,12090,6,1,0.6197921664688503,-10,-2.0431327814117215,947242,290,2462,144,9491,1704,1672,1352,735,1975,182,32,47264
2021-07-30,147089,38785,11842,7,0,0.6289293338591028,-10,-1.9616845645750467,882541,390,2069,140,8396,1529,1859,1212,510,1638,158,42,43071
2021-08-06,144529,39903,13373,3,1,0.4601113994118664,-10,-2.1835614302929955,864145,360,2533,623,8191,1352,2914,1031,471,1483,116,43,42015
2021-08-13,135625,37101,11174,8,2,0.5991763933846029,-10,-2.1824527622615286,805153,470,2195,93,8697,1168,1307,1063,661,1644,152,42,37970
2021-08-20,177579,45212,13860,3,0,0.7671149178675409,-10,-2.0570816424835123,1039065,490,2817,218,10264,1432,1559,1081,1230,2618,177,48,50197
2021-08-27,181728,48791,15846,20,4,0.6247166094382822,-10,-2.2741313673807837,1072006,270,2775,423,11077,1358,1419,1119,700,1812,151,39,51449
2021-09-03,169056,42356,13311,9,2,0.7512776831345827,-10,-2.006094569003543,1012958,540,2710,183,9432,1367,1732,1054,587,1556,212,128,49566
2021-09-10,176289,44228,12619,4,1,0.7753295743329089,-10,-1.9175849905253088,1045257,540,2213,174,10034,1528,1751,1196,631,2235,171,82,50939
2021-09-17,185367,46118,13013,8,0,0.7907173337217515,-10,-1.620373731079424,1074190,320,2446,217,10580,1494,1386,1936,877,2048,179,177,52233
2021-09-24,189905,47745,12634,12,0,0.7791395697848926,-10,-1.811994219309564,1111287,330,2887,177,11684,2086,1752,1859,969,1894,175,133,53526
2021-09-30,202721,52075,15665,7,0,0.7358331689029205,-10,-1.8071786698910155,1184559,304,3181,170,11772,1816,2463,1347,939,2373,229,117,57414
2021-10-08,180106,46083,14027,10,3,0.730199993337257,-10,-1.6817544502049309,1065235,448,2912,218,9205,1564,1643,1565,684,2279,146,95,52397
2021-10-15,172757,44622,13650,7,2,0.6700035309712487,-10,-1.9339382101089944,1039970,480,2830,149,9515,1693,1606,1382,569,1862,192,90,50772
2021-10-22,179427,46349,14246,12,1,0.6498369810563627,-10,-1.7968639355575364,1063580,490,3820,196,10379,1633,1483,1710,692,2388,143,74,52814
2021-10-29,181698,44998,11940,13,4,0.8087486791123633,-10,-1.6048572005550628,1064071,260,2444,136,10766,1822,1513,1253,693,2347,137,144,51437
2021-11-05,170874,43987,12636,14,4,0.740508210728373,-10,-1.7547005113648937,1024716,280,2716,114,9382,1700,1571,1384,949,2014,191,120,49990
2021-11-12,182962,46859,12255,4,1,0.7652605459057068,-10,-1.8933927553495915,1078310,230,2391,111,10928,1673,1687,1262,773,3310,148,237,51879
2021-11-19,178735,46565,13083,8,1,0.7109172797717292,-10,-1.8895530632064383,1070201,440,2810,131,10445,1846,1837,1378,999,2637,168,130,51592
2021-11-26,160627,40974,10400,12,0,0.7537169965198878,-10,-1.8544150349577304,988440,330,2031,79,11098,1991,1602,1492,1032,2514,184,66,47596
2021-12-03,173951,43699,12155,10,2,0.7622629361141932,-10,-1.8050565711369848,1036098,350,2812,103,10421,1282,1518,1223,802,3127,127,93,50983
2021-12-10,180869,47988,13045,9,2,0.6850865115044548,-10,-1.809495093963728,1069268,380,2554,120,11772,1518,1718,1912,702,3647,157,59,52015
2021-12-17,167981,43220,11730,10,1,0.7559843077490905,-10,-1.7012453345905365,1010301,390,2430,97,10431,1368,1689,1389,728,3191,137,50,49704
2021-12-24,116306,30069,8447,6,1,0.7434397193609962,-10,-1.6631963682503283,719135,314,1901,163,7378,1012,1373,891,496,2628,132,120,35861
2021-12-31,112599,30356,9587,18,0,0.5354461407294913,-10,-1.850501745796836,684676,260,2073,116,7186,1109,1637,946,444,2242,159,85,33179
2022-01-07,150688,40620,12280,13,1,0.5636939800773805,-10,-2.0946107022423432,903223,760,2498,150,9167,1659,1307,1024,544,2168,130,108,44391
2022-01-14,166175,44873,12117,9,0,0.6068746803069053,-10,-2.0142510683089894,988181,280,2138,341,10384,1514,1378,1245,797,4438,180,70,49042
2022-01-21,179114,46675,12518,4,0,0.7434365822883751,-10,-2.026843531416715,1040701,180,2132,184,10421,1382,1740,1329,944,5803,166,341,50663
2022-01-28,178349,46234,13125,5,0,0.7053395309197134,-10,-1.9334148140587455,1052078,220,2622,277,10206,1375,1372,1141,1189,6156,183,188,50821
2022-02-11,187461,49074,13280,7,0,0.7133249049135554,-10,-1.94913011876604,1089231,220,2682,157,10786,2043,1572,944,892,6979,188,128,51924
2022-02-18,192159,53582,14962,2,1,0.5577199090336646,-10,-2.2570051761182053,1106569,230,2842,367,11636,1993,1717,957,1096,11088,145,134,53080
2022-02-25,244980,74030,21417,14,2,0.3064609355865783,-10,-2.482362185341497,1340206,300,2977,1088,18352,3462,1366,1648,1291,35585,171,130,63008
2022-03-04,217320,60362,18660,11,0,0.5655305540217189,-10,-2.334595260047266,1201626,416,3302,651,14245,2236,1160,1253,884,23658,174,101,57812
2022-03-11,211527,57134,16710,9,2,0.6481399537647675,-10,-2.141524093416058,1182602,250,2514,679,13847,1965,1323,1151,734,18703,181,115,56780
2022-03-18,194736,51563,15504,5,0,0.6803970503656231,-10,-2.056944907904997,1096449,300,2474,870,11587,1914,1346,1988,773,15894,134,76,52255
2022-03-25,205655,53443,16219,9,0,0.7262912715779233,-10,-1.9509136880693807,1151415,276,2316,788,11658,2027,1383,1386,826,14763,169,326,54730
2022-04-01,190771,49096,14939,5,0,0.7464111421547299,-10,-1.8121313759071769,1082720,240,2570,390,11066,1692,1718,1442,832,12093,153,99,52542
2022-04-08,187576,54048,16634,10,0,0.4411024923363987,-10,-2.2660473227585007,1078873,348,2788,969,12803,1568,2276,1132,1025,14506,225,124,52783
2022-04-15,159401,46657,16398,7,0,0.3052264414903293,-10,-2.28797972333916,901075,240,2930,757,9989,1477,2675,1349,772,11764,201,104,43961
2022-04-22,185471,49882,15045,7,0,0.614758800662105,-10,-2.0473748359605777,1038904,190,2298,430,11408,1516,1711,1149,1116,10399,157,47,51070
2022-04-29,185714,49984,15778,1,0,0.6116394025221575,-10,-1.925293864720048,1051008,230,2340,776,11385,1633,1818,1112,901,11300,216,52,50850
2022-05-06,180390,48086,14791,8,2,0.5766223183103277,-10,-1.9226365841679856,1014680,200,2158,535,10919,1635,2079,1066,877,9889,125,48,50089
2022-05-13,189102,51200,16918,4,1,0.537784899154953,-10,-2.0287505349274935,1063500,260,3304,549,10843,1691,3669,1026,730,9450,197,43,51356
2022-05-20,180026,45240,13560,7,0,0.7810848493264828,-10,-1.7227109494599648,1029937,500,2610,327,10064,1419,1662,1415,708,7891,191,62,49999
2022-05-27,178581,49475,16683,1,0,0.4637615423813281,-10,-1.9924526644709704,1009476,204,4656,355,9930,1387,2089,1535,665,8186,191,35,49585
2022-06-02,183821,48957,17279,5,0,0.5830976874241783,-10,-1.6373829780506104,1050404,220,4488,460,10296,1511,2267,1516,725,7195,173,84,52171
2022-06-10,177389,46975,13819,4,0,0.6139208180890587,-10,-1.931858972382544,1015031,315,2905,296,11056,1567,1684,1460,750,7030,109,26,48748
2022-06-17,176319,45895,14048,9,0,0.646730339500221,-10,-1.790488994127038,1003889,400,2732,334,10429,1571,1785,1045,788,6816,168,40,48772
2022-06-24,172346,45831,13423,4,0,0.6627905492439607,-10,-1.870125323470604,990593,200,2472,225,10749,1778,1743,1073,771,6023,167,46,48912
2022-07-01,167463,44130,13309,7,0,0.7009662124234151,-10,-1.7156137319486706,969467,240,2267,644,10003,1688,1141,1080,663,6843,172,24,47227
2022-07-08,171266,46534,15547,5,0,0.4920772365793564,-10,-2.0791769899773564,968387,238,4111,261,10314,1356,1187,1456,771,6961,140,55,47207
2022-07-15,167474,44755,14376,6,1,0.5950169882187162,-10,-1.8925954608657083,948385,200,2727,728,10023,1346,2225,938,833,6170,207,42,45917
2022-07-22,161791,42677,13523,1,0,0.7045738302738104,-10,-1.919570920320112,924457,176,2488,391,9001,1465,1674,936,668,5608,201,44,45226
2022-07-29,159522,43053,13502,2,0,0.5875978711266869,-10,-1.9983178246460265,911975,200,2494,552,9120,1240,1495,1571,621,7319,193,48,44184
2022-08-05,168104,48571,15182,17,5,0.3868628943987045,-10,-2.280102399799423,956147,840,2509,1047,10309,1443,2904,4947,498,6283,170,39,45596
2022-08-12,151527,41944,13606,4,0,0.4612663089746394,-10,-2.0261903927576133,871486,220,2390,349,9043,1301,1825,1525,824,5618,161,55,42937
2022-08-19,156880,42670,13151,3,0,0.5773138704742485,-10,-2.0665914354647,890993,390,2185,395,10023,1076,1838,1357,716,6306,185,54,43419
2022-08-26,151199,40241,12268,3,0,0.630930098744038,-10,-1.8852372676385327,871139,420,2121,367,8867,1131,1436,1379,668,5714,96,37,42888
2022-09-02,148895,40199,12523,4,0,0.5789401927532845,-10,-1.851069018260762,874737,260,2447,248,8789,1125,1543,1294,809,5369,128,46,43969
2022-09-09,168075,37187,11469,9,0,0.9472152312955509,-10,-1.0850101304362147,930334,269,2153,251,8218,984,1443,788,637,5018,98,39,45466
2022-09-16,174713,41931,13220,10,0,0.8682925712454054,-10,-1.6053694643331138,982912,360,2207,337,9043,1135,1453,1680,783,6469,117,28,46777
2022-09-23,168702,44216,12635,13,0,0.6636501049187316,-10,-2.0136604123926163,969722,440,2220,182,9889,2005,2676,1087,584,7451,117,45,46604
2022-09-30,165206,44887,12875,6,0,0.6189384034284887,-10,-1.882193785218104,950928,325,2170,683,9067,1597,2222,743,700,9822,191,67,47354
2022-10-14,163545,44015,14339,8,0,0.541497343206381,-10,-1.9120566073790244,948828,260,3026,720,9177,1428,2414,907,679,7335,169,65,46025
2022-10-21,163790,44484,13048,3,1,0.5661365162708357,-10,-1.984898990862609,948947,250,2282,517,10000,1391,2988,923,711,7444,154,102,46203
2022-10-28,161195,42953,13388,4,0,0.5879084338844257,-10,-1.8489607959654768,923361,170,2427,466,9145,1469,2659,962,762,5834,183,28,44948
2022-11-04,164563,43432,13019,13,3,0.6679381148860744,-10,-1.7536441637206814,942660,400,2365,592,8959,1815,2735,1271,787,5386,267,42,45003
2022-11-11,52096,12571,3819,0,0,0.8896164478230894,-10,-1.6066233053708554,283396,140,552,79,2654,496,619,229,193,1790,87,18,12756
2022-11-18,166380,44781,14274,13,0,0.558505228993864,-10,-1.8175770357471148,948459,420,2500,1333,9585,1482,2155,1035,1129,7266,220,23,45611
2022-11-25,128053,33246,10579,6,1,0.6974955682412811,-10,-1.5888795334368202,778816,246,2035,584,6697,1202,1503,914,618,5155,204,46,38174
2022-12-02,156715,41769,12237,8,0,0.6528813451169326,-10,-1.770341391034602,928735,210,2167,458,9193,1383,1651,1439,789,6107,124,56,44811
2022-12-09,155877,40962,11283,10,1,0.72118465200126,-10,-1.6651364526036971,912364,380,2046,273,9973,1337,1924,955,1003,5571,112,27,44041
2022-12-16,149452,42099,12910,10,1,0.5101698204105554,-10,-1.9448715949390576,884732,250,2155,966,9679,1559,1313,1266,581,6112,131,37,43232
2022-12-23,136169,37257,11000,10,2,0.6115775249873254,-10,-1.946225565202209,808919,538,1760,546,8914,1177,1360,1058,583,5234,142,27,39175
2022-12-30,119048,33327,11450,7,1,0.4196861770042387,-10,-2.1628220261485054,699957,338,1965,581,7843,1079,1594,1131,344,5285,146,31,34085
2023-01-06,144813,41074,13444,11,4,0.4281369766526461,-10,-2.080396480082149,822528,280,2445,360,8850,1204,1793,909,856,5491,103,33,40464
2023-01-13,159171,42571,13386,17,0,0.5582800887096235,-10,-1.8261957616313729,897314,289,2077,346,10063,1315,1696,1057,716,6347,109,33,43298
2023-01-20,169294,44585,14206,7,2,0.6095254409488722,-10,-1.7951774664225817,962774,310,2245,348,9912,1652,1551,913,1482,7572,136,31,46109
2023-02-03,165739,45047,14397,3,1,0.5291482390988202,-10,-1.9704554529154852,941275,330,2597,385,10172,1400,2294,1403,961,7536,184,34,44801
2023-02-10,168832,44229,14285,8,1,0.6315283832448708,-10,-1.8726331158898009,960339,280,2583,944,10063,1350,1563,1139,826,7744,129,27,46015
2023-02-17,171734,45322,14636,8,1,0.6034332164859619,-10,-1.9467671080984943,969572,400,2614,444,9797,1474,1449,1372,1166,8554,166,30,46328
2023-02-24,184007,48600,15272,21,2,0.6442282087094506,-10,-2.026672092459433,1033535,350,2395,517,10777,1712,1843,1764,1025,11909,97,37,48277
2023-03-03,169894,45557,13253,14,2,0.6006192096248226,-10,-1.9242956581110864,969274,310,2294,324,10220,1935,1946,1363,964,7741,164,22,46335
2023-03-10,175643,47811,15232,5,0,0.5448085036124424,-10,-1.9683688453192407,1012604,380,2868,695,10434,2065,2848,1521,1144,7221,161,54,47452
2023-03-17,178341,47383,13494,9,0,0.6598335744485206,-10,-1.854675708300513,1014355,1100,1997,326,10474,1985,1639,1733,1027,8728,119,54,48062
2023-03-24,300249,83204,24621,33,4,0.498488905763935,-10,-1.9685788368651913,1674947,1004,3632,861,19679,4224,4289,2580,1521,9961,311,170,79977
2023-03-31,263359,71747,20820,22,2,0.59907274860551,-10,-1.9311908115911265,1474760,1040,3499,453,17778,2806,2962,2244,1274,10038,245,69,71658
2023-04-07,227667,65194,22305,17,0,0.3527689685767702,-10,-2.059673363416137,1275598,450,3951,1510,14010,2149,7083,2441,694,8261,228,67,60885
2023-04-14,243459,63422,19305,15,3,0.6349968577871355,-10,-1.812085526919072,1367102,512,3401,602,15481,1899,2256,2419,1033,8644,194,150,66139
2023-04-21,235256,59981,18689,16,2,0.7009296572128078,-10,-1.5809650711811578,1341792,310,3856,394,14357,1816,1581,1845,1111,8063,290,88,65986
2023-04-28,244930,62510,20311,26,3,0.6710430369617298,-10,-1.6304641170005572,1388757,286,3333,1063,14427,1871,2402,2439,929,8782,457,157,67990
2023-05-05,243675,62287,20053,16,2,0.6651544064840444,-10,-1.653789213301572,1367436,560,3975,361,14034,2070,2105,1888,977,8229,310,49,67712
2023-05-12,238653,63327,20032,10,0,0.6024169184290022,-10,-1.8616028145967167,1367148,230,3353,918,14115,2005,3624,1712,919,7672,365,69,67627
2023-05-19,251427,60800,18050,12,1,0.8497452540896633,-10,-1.5131928437017277,1406562,230,2927,576,14680,1895,2317,1648,814,9142,272,52,68521
2023-05-26,226667,60212,18928,7,2,0.6159035060242571,-10,-1.6765046698190682,1290642,490,3520,758,14464,1668,2049,1512,1210,8344,203,65,65136
2023-06-02,230977,58477,18127,9,2,0.7074024686440642,-10,-1.5078613978538296,1312390,230,3090,544,13100,2162,2122,1795,896,8203,175,31,64618
2023-06-09,227564,59428,17778,6,0,0.6651932026419599,-10,-1.7273608896405213,1297004,200,2824,523,13509,1850,2275,1462,1007,8824,411,49,65308
2023-06-16,230791,56782,17370,11,1,0.8033112209748285,-10,-1.5407834480153793,1314635,400,2865,711,12910,1828,1622,1463,937,7216,314,49,66291
2023-06-21,246902,61002,19985,13,1,0.7441664169009042,-10,-1.5707827574506354,1414232,320,3383,370,13446,1891,4117,1972,996,6645,316,40,71623
2023-06-30,210573,55133,15867,7,1,0.6754462865256865,-10,-1.6770908205070012,1227876,260,2993,338,12092,2266,1699,1334,707,6648,275,48,62079
2023-07-07,215659,55809,17683,2,0,0.6885597169605765,-10,-1.7382585388449483,1229682,200,3106,515,12157,1959,3068,1666,912,6979,229,30,61654
2023-07-14,212967,56244,16570,4,1,0.6637192616696513,-10,-1.7205731986621728,1220604,430,2694,391,12742,1911,2077,1718,839,7219,252,70,61537
2023-07-21,211253,58070,17332,10,0,0.5155055786190027,-10,-1.8755173834268208,1205944,463,2769,593,12910,2331,2264,1431,822,8860,362,80,61085
2023-07-28,208372,53708,16301,21,0,0.6735213944291863,-10,-1.6310445090961576,1210930,442,2636,570,11645,1765,1692,1388,669,7200,280,45,60017
2023-08-04,206204,57984,18653,8,1,0.4037672162948585,-10,-2.0784105399236776,1187949,468,2915,285,13589,1719,1725,1324,755,8176,186,31,60243
2023-08-11,196997,54121,17894,3,0,0.4813646908328557,-10,-2.012774666704035,1148924,180,2814,537,12297,1498,2012,1624,675,6519,185,95,58417
2023-08-18,202975,54853,17305,7,1,0.5337591699388655,-10,-1.930144770185368,1158048,240,2707,374,12979,1573,1418,1565,704,7098,152,34,58630
2023-08-25,207246,53699,16981,7,0,0.6508489951506704,-10,-1.862875564649205,1151885,310,3004,401,12067,1605,1466,1560,754,7209,185,59,58740
2023-09-01,202436,53716,17007,7,0,0.5690911605757945,-10,-1.751068572934665,1166329,936,3122,355,11817,1826,1672,2037,891,6619,206,31,59091
2023-09-08,224942,54545,16802,6,2,0.8335259755848148,-10,-1.4591213599881343,1253190,639,2525,575,12305,1592,1726,1937,911,7826,236,38,62721
2023-09-15,229265,58462,16610,14,1,0.7234924650513601,-10,-1.6275319116281166,1309233,780,2679,406,14857,2069,2252,1503,849,7624,207,65,65072
2023-09-22,240548,60089,18885,10,2,0.7573694231504792,-10,-1.5222182916354814,1342798,380,2876,831,13060,2183,2485,1479,810,8551,412,87,65435
2023-09-28,235188,60130,18700,4,0,0.731302617480486,-10,-1.6979324933241882,1336930,200,3158,380,12831,2059,2351,1573,1230,6514,354,69,67646
2023-10-13,262085,75605,27368,4,0,0.3178477129469945,-10,-2.504944970677805,1440632,200,3606,1240,15317,3325,19043,1394,1154,5179,1139,156,68843
2023-10-20,257162,72574,25988,6,0,0.4112275530599431,-10,-2.2254351575329783,1423170,234,3524,1422,14356,2951,15408,1347,881,5415,1378,327,68121
2023-10-27,239428,68565,25966,17,1,0.3130974656264098,-10,-2.183123867888192,1340030,290,3973,1328,13000,2078,13309,1755,825,5822,978,143,65269
2023-11-03,235699,65831,24325,9,2,0.3972053339216595,-10,-2.1198509156028527,1303990,335,3349,782,13513,1897,12274,1377,801,5173,900,149,63757
2023-11-10,235197,64059,23307,8,0,0.5004723699707107,-10,-1.8525081113335284,1328991,790,3309,837,12344,2396,10707,1374,889,5116,522,240,64747
2023-11-17,230412,63351,21684,23,4,0.4732947936739353,-10,-1.9314788301000991,1318381,320,3143,548,13380,2458,8774,1527,929,5355,440,117,64104
2023-11-24,195397,49226,17000,13,2,0.7902398706223706,-10,-1.83463164237812,1156877,240,2396,595,10259,1886,6889,1095,950,4770,598,110,56588
2023-12-01,220414,58235,19288,9,0,0.6202945366446752,-10,-1.946401619310269,1252472,810,2982,594,12939,1713,7905,1218,878,5002,469,120,62725
2023-12-08,216675,58980,20219,9,1,0.5219977662088316,-10,-1.9330805280395968,1234901,280,3185,808,12601,1588,6786,1164,771,5477,448,121,60722
2023-12-15,217788,59635,19081,13,0,0.5730953955222483,-10,-1.849332315745805,1241543,450,2764,750,13037,1700,6893,1217,1402,5497,339,530,61627
2023-12-22,188160,53653,18744,4,0,0.420558596864207,-10,-2.093932616805197,1088314,260,3597,515,11690,1585,5437,1087,903,4974,299,285,55919
2023-12-29,167185,53169,20310,4,0,0.0194748332685341,-10,-2.4541051283547137,963745,402,2976,1588,10596,1478,6931,875,722,8029,356,270,48997
2024-01-05,189752,57391,21499,2,2,0.1875332012310808,-10,-2.4663295507687346,1065676,385,3525,1533,11671,1404,6661,1132,781,5545,251,291,54312
2024-01-12,225551,67020,22873,10,2,0.3290805423283941,-10,-2.270406375162695,1274975,416,2898,1372,12421,2052,11263,1684,1181,5668,282,4228,63427
2024-01-19,211479,60935,21082,11,0,0.3211481991119685,-10,-2.1307887634936944,1216242,660,2807,969,12473,1827,8629,1161,1133,6175,243,821,60867
2024-01-26,217630,59297,18359,9,0,0.5659371410191597,-10,-1.9352087023682183,1232818,180,2620,769,12172,1908,7077,1264,1084,6131,456,553,61491
2024-02-02,212636,60549,20276,4,0,0.4055818393874978,-10,-2.104593035170115,1234000,260,2688,707,12390,2622,6567,1095,856,6061,321,359,61854
2024-02-09,215365,59047,18694,8,1,0.516738173510896,-10,-1.8889936348341052,1224945,340,2785,423,12774,2394,6414,786,883,6491,975,208,62238
2024-02-23,225675,60530,18818,6,0,0.604963376212481,-10,-1.9554743819974036,1276097,260,2642,545,13622,2268,5663,1118,934,8735,417,293,63867
2024-03-01,228560,61219,19023,3,0,0.6214945133796637,-10,-1.8349242828706895,1306477,280,3211,345,12730,2497,5687,1079,1331,6665,441,143,65495
2024-03-08,219372,57351,18060,9,0,0.6552581915650108,-10,-1.6196477378516685,1242988,240,2635,492,12237,2660,4316,1446,930,6075,269,261,63609
2024-03-15,218099,57716,17562,5,0,0.6503633670947623,-10,-1.8102410723134643,1261556,160,2781,608,12518,2317,4900,1365,988,7478,333,333,63828
2024-03-22,221877,62263,19928,7,2,0.4834025158083091,-10,-2.067708396957462,1263877,179,3218,905,13056,2000,5105,1866,853,9640,457,116,64317
2024-03-29,188469,54210,17479,7,0,0.3994089213610737,-10,-2.041096521659176,1067493,208,2505,750,11473,1860,5122,1354,656,8396,258,137,54195
2024-04-03,229323,64077,20920,11,0,0.4639364564391663,-10,-1.9110616859331968,1308539,280,2835,630,12597,2114,8848,1470,826,6600,302,122,67052
2024-04-12,217930,60797,20074,9,2,0.4343146882026309,-10,-2.0303176563116963,1242328,180,2867,832,13206,1597,9537,1712,1292,6097,208,116,61212
2024-04-19,221488,66114,23550,7,0,0.1818789279780385,-10,-2.176553395431847,1277039,330,2931,1713,13549,2318,13782,1507,979,6432,301,113,63561
2024-04-26,219716,61146,18312,18,0,0.5024736477998829,-10,-1.9627443942307896,1267464,280,2490,584,14244,3684,6166,1905,969,5765,564,201,62774
2024-05-10,206365,57323,17792,4,0,0.4908918663533043,-10,-1.7937372967604526,1176723,340,2439,427,12594,2776,7261,1423,886,5306,915,101,59188
2024-05-17,217522,60073,20001,8,1,0.4836861728292835,-10,-1.8393447249772343,1250737,270,3441,638,12834,1976,5587,1550,770,6863,594,99,62785
2024-05-24,213230,58494,17711,7,1,0.5566509555633703,-10,-1.8025823123554217,1223306,228,2390,562,12964,1848,5952,2467,924,6587,630,86,61486
2024-05-31,223576,63080,19599,8,1,0.5212692775610974,-10,-1.951610456812544,1261306,1040,2764,772,15506,1722,5997,1927,1174,7650,716,555,63240
2024-06-07,209906,53927,17196,5,1,0.7016440692500479,-10,-1.6029033726124478,1197427,432,2468,513,11979,1513,4623,1316,1023,6292,348,273,60420
2024-06-14,211127,52493,16702,5,1,0.8115731289697607,-10,-1.503724039875316,1212657,238,2624,738,11827,1563,4211,1490,705,6637,259,284,60270
2024-06-21,200440,54215,16803,8,1,0.5725458990221529,-10,-1.8092418454534056,1160411,412,2876,388,12394,1901,3883,1693,823,6172,230,78,58215
2024-06-28,195177,52043,15850,17,0,0.611703223228146,-10,-1.898524432755136,1138575,432,2442,484,11959,1687,4089,1095,647,4702,223,167,58286
2024-07-05,183968,44993,13973,5,1,0.7865677726561061,-10,-1.3838961535211678,1071368,350,2034,410,9601,1536,3067,1284,697,4777,208,93,54913
2024-07-12,197149,50180,15444,14,2,0.7379225864701325,-10,-1.655351738340033,1143149,498,2238,443,10683,1514,3088,1481,1025,5810,222,123,57378
2024-07-19,194448,52653,16681,1,0,0.5267891672838025,-10,-1.973114147692657,1114767,230,2875,377,11997,1687,4426,1055,1244,5404,206,303,57707
2024-07-26,190355,51610,16104,10,2,0.5149310498804834,-10,-1.93809188835754,1067505,220,2276,423,11749,1956,4423,1173,804,4747,227,112,54793
2024-08-02,201109,58727,19693,4,0,0.3738509962259269,-10,-2.415199760589065,1111769,220,2552,537,14261,2332,8280,944,1703,6019,267,181,55243
2024-08-09,187832,55203,19066,0,0,0.2432956045828185,-10,-2.210484917429694,1070760,150,2441,451,12962,2142,5846,890,756,6835,252,323,54505
2024-08-16,191860,55262,19033,10,2,0.3324427441128348,-10,-2.157559164172424,1084049,252,2643,430,12214,1852,5356,997,830,7237,217,140,54623
2024-08-23,193379,53300,17661,5,0,0.4511291298434658,-10,-1.9513096291835312,1090878,170,2544,419,11549,2049,4171,1136,928,6556,354,95,55919
2024-08-30,195622,54767,18522,11,1,0.4238215733484621,-10,-2.006001151759312,1120527,220,2666,505,12102,1612,4647,1285,1100,6376,290,149,56297
2024-09-06,209247,57324,19720,3,0,0.486703624937273,-10,-1.9770992243934995,1183587,336,4185,482,12330,2031,5311,1128,1110,6148,250,63,59768
2024-09-13,217017,59294,18862,4,0,0.4972522889911843,-10,-1.9744905384124307,1232928,390,3043,709,12792,1837,4404,1275,1161,7731,267,79,61804
2024-09-20,202777,56441,19802,4,0,0.3972851950665004,-10,-2.028172446201712,1170333,220,2969,707,11323,1469,6810,1231,828,4751,291,97,59743
2024-09-27,222076,59224,19528,11,1,0.541371422395932,-10,-1.8322299582649813,1245116,210,2376,925,11944,1841,8448,1301,777,5557,215,309,62577
2024-10-11,208604,55744,19235,5,0,0.5271222028340781,-10,-1.6789377714279698,1177892,280,2716,844,11062,1633,8905,1616,878,5207,268,82,59644
2024-10-18,214727,58033,19627,10,0,0.5236510715982274,-10,-1.9176306186527423,1218754,688,2705,562,12139,1640,7628,1094,1004,5383,266,170,61209
2024-10-25,214506,59527,20664,5,0,0.4400683430766556,-10,-1.9118334150656848,1226055,576,2718,587,11697,1615,6526,1265,815,6942,227,109,61466
2024-11-01,194573,53613,17676,19,1,0.4787894517738834,-10,-1.7503830068587565,1094107,432,2269,716,10622,1802,6369,1166,764,5800,205,65,55128
2024-11-08,193732,50076,16264,8,1,0.6230973716267773,-10,-1.4272128724922986,1111435,220,2233,347,10713,1474,4405,1147,1064,5183,148,124,57979
2024-11-15,201858,52446,16182,10,2,0.65246064064838,-10,-1.582594748825402,1155258,380,2213,405,11328,1854,4755,1078,1050,5138,131,62,59250
2024-11-22,209467,60103,18309,2,1,0.4001413123910898,-10,-2.0010102251311053,1200029,310,2520,1574,13469,1603,6223,1088,1209,8748,202,93,61222
2024-11-29,178684,48741,15535,19,2,0.553916970741653,-10,-1.8104662197090473,1068673,480,2166,588,10508,1973,3863,1384,714,6684,130,61,53829
2024-12-06,208754,55929,17216,9,1,0.5888342259310068,-10,-1.7380516609984569,1193575,200,2699,323,12495,2020,3479,1286,841,5309,143,87,60140
2024-12-13,206647,55392,18056,16,3,0.575362332867164,-10,-1.787308332177402,1196365,260,2518,727,12374,1702,4117,1276,825,5964,218,77,59853
2024-12-20,201350,55334,17936,11,1,0.5485269431338514,-10,-1.9155294205388176,1165630,330,2468,781,12043,1857,4197,1050,1057,6024,271,383,58739
2024-12-27,152368,44986,16176,3,0,0.2669136564107932,-10,-2.278089098346676,892262,180,2204,532,9804,1301,4693,1140,583,7012,231,886,46038
2025-01-03,157573,45659,15944,7,0,0.3009011696166226,-10,-2.249882752016699,914475,200,2584,389,10017,1345,4115,913,767,3575,196,298,47312
2025-01-10,195243,53945,16012,5,0,0.5148701874074872,-10,-1.952228445026167,1109374,200,2124,248,13368,1886,3366,1194,793,4834,179,380,57674
2025-01-17,213255,54443,16065,6,0,0.7970814283369712,-10,-1.688759358795599,1194870,340,2052,401,13522,1561,4083,1481,719,5249,317,113,60713
2025-01-24,206371,55876,17223,12,0,0.586482112312284,-10,-1.95970618615958,1167079,455,2395,242,13195,1535,3444,1247,804,5450,181,109,58953
2025-02-07,204529,55477,15313,7,0,0.6295356648690335,-10,-1.979139984597416,1162339,678,2052,174,13086,1914,4303,1307,893,5107,520,68,59128
2025-02-14,217707,55087,14998,5,0,0.819749105424414,-10,-1.7094927887333975,1209760,340,2076,188,12746,1558,3379,1122,1658,6632,406,119,60730
2025-02-21,210858,54253,15118,0,0,0.7545713228807915,-10,-1.8615796094946535,1190326,150,2128,196,12150,1525,3639,1280,1309,6812,288,35,59641
2025-02-28,219966,55907,15431,6,0,0.8250184119363932,-10,-1.6125572023865016,1221933,650,2055,171,12510,2008,2939,1452,775,7186,276,30,61183
2025-03-07,216080,57837,16828,11,1,0.6761011121035526,-10,-1.6995123288608185,1225929,200,2107,494,13291,2262,3008,1353,940,8288,324,137,61591
2025-03-14,213669,55946,15729,11,0,0.7146398082971434,-10,-1.8641948792329408,1201669,230,2218,197,12912,2275,3528,1119,953,7689,204,30,59301
2025-03-21,210720,60131,17372,11,0,0.4786612566438836,-10,-2.0328893965370805,1200870,280,2344,432,13654,2787,4391,1335,851,6703,299,344,60245
2025-03-28,216364,58504,15938,9,1,0.6118189717328245,-10,-1.862721219074166,1212458,310,2041,450,13780,2539,4544,1366,738,6124,198,550,60037
2025-04-03,209464,55134,15309,5,0,0.728469808654475,-10,-1.84950828960981,1191802,202,2064,273,12214,2006,5381,1445,1010,4123,308,341,60934
2025-04-11,210073,53866,15030,10,0,0.780737172316297,-10,-1.6845258248148998,1179971,1170,2074,217,12814,1901,3693,2118,787,5470,194,227,59051
2025-04-18,187645,50221,15716,8,1,0.5925806709477985,-10,-1.8630379419110248,1041724,680,2668,468,11164,1576,3929,1645,665,5848,193,534,50594
2025-04-25,222381,58710,18407,15,0,0.6117055863585423,-10,-2.0569996209991817,1229423,220,2831,489,13171,1948,3115,1316,740,7202,218,260,60294
2025-04-30,224482,60547,19283,6,0,0.6040547403308981,-10,-1.809751426226477,1270399,290,2754,273,12732,1856,4235,1548,816,5592,209,345,64201
2025-05-09,224141,56995,18664,8,1,0.6699559652183242,-10,-1.459502465158895,1234367,630,2732,892,12395,1604,3408,1477,1103,5698,187,345,62330
2025-05-16,221272,53741,15591,3,0,0.895546657507495,-10,-1.6035990005320098,1224268,180,2154,286,12281,1631,3496,1077,855,6343,167,328,60754
2025-05-23,211348,57079,17532,5,0,0.6181231901886912,-10,-1.9110080007605257,1194278,545,3194,346,12732,1745,5880,1287,974,5051,161,199,60112
2025-05-30,200325,52417,15593,6,0,0.662842381130661,-10,-1.7144900336181392,1125660,160,2442,318,11958,1522,3863,1504,744,5349,249,160,57464
2025-06-06,191578,54049,16239,10,2,0.4506796187453636,-10,-1.9375783283424763,1076260,264,2495,442,12989,1459,4131,1303,1002,6098,399,273,54935
2025-06-13,224392,71325,24054,13,1,0.0272371564048634,-10,-2.515320261642949,1249218,310,2359,1293,14488,2983,23015,1146,675,3560,483,206,63128
2025-06-20,422,144,42,0,0,-0.1765402843601894,-10,-2.8058835369009234,1867,20,6,2,29,10,42,0,0,9,0,1,168
2025-06-27,1643,287,99,0,0,1.5153377967133286,-10,-1.9665536862132371,7577,30,16,0,62,16,31,13,3,30,2,0,561
2025-07-04,185115,48898,15652,3,0,0.6402571374550983,-10,-1.7998265740802186,1060624,360,2024,512,10818,1453,4291,1423,982,6360,237,60,53915
2025-07-11,198469,52609,16248,23,1,0.6293175726061611,-10,-1.9793623021603064,1125922,432,2400,364,11737,1418,4111,1089,842,5353,198,201,56796
2025-07-18,196725,55481,16209,7,0,0.5416982254235664,-10,-2.137062112700852,1114501,256,2139,251,12777,1788,4879,1247,968,4897,218,211,56317
2025-07-25,200176,53292,15730,8,0,0.6970925585484736,-10,-2.0792084840951603,1124210,477,2279,463,11832,1565,5060,1014,666,3966,226,104,55763
2025-08-01,209690,56733,16898,13,0,0.6184410319996108,-10,-2.0310075100200007,1147332,364,2367,389,12721,1836,4843,1122,881,5091,321,164,57034
2025-08-08,199589,53156,15481,4,0,0.670713315864099,-10,-1.9530379341096655,1098230,236,2340,180,11634,1513,4945,1275,941,4615,295,42,55852
2025-08-15,189696,48737,14642,6,0,0.7210611771528008,-10,-1.7834498541939472,1026906,260,2028,260,10751,1531,3443,1135,686,6449,210,101,51986
2025-08-22,193314,52958,15808,12,0,0.603147211272851,-10,-1.9680021591407204,1086400,330,2137,400,11878,1336,4110,1279,910,6526,237,99,54887
