,SCFI_Index,Europe_Base_Price,iso_year,week,global_total_events,global_disruption_events,extreme_crisis_events,high_velocity_media_events,black_swan_candidate_events,global_avg_impact,global_avg_sentiment,global_total_media_mentions,global_peak_event_media,maritime_conflict_events,infrastructure_attack_events,trade_restriction_events,protest_events,middle_east_disruption,asia_disruption,europe_disruption,russia_ukraine_disruption,egypt_disruption,yemen_disruption,unique_sources,WTI_Price,Brent_Price,price_1w_ahead,yemen_disruption_lag_1w,yemen_disruption_lag_2w,egypt_disruption_lag_1w,europe_disruption_lag_1w,maritime_conflict_lag_1w,asia_disruption_lag_4w,asia_disruption_lag_6w,extreme_crisis_lag_1w,extreme_crisis_lag_2w
2018-02-23,854.19,916,2018,8,1942470,539574,166064,234,19,0.4866710665720791,-2.0099751992009254,11636026,1660,34021,2634,119538,20090,30166,8165,9705,31105,4302,2273,575130,63.52,67.04,827.0,2444.0,3544.0,4956.0,8168.0,27520.0,10294.0,7733.0,167041.0,154738.0
2018-03-02,772.45,827,2018,9,1917019,523433,158193,252,22,0.5352761086625734,-1.866993628893971,11485008,900,31012,1945,115643,19759,24475,9387,8873,29815,3992,2951,570200,61.19,64.26,791.0,2273.0,2444.0,4302.0,9705.0,34021.0,9130.0,9490.0,166064.0,167041.0
2018-03-09,729.49,791,2018,10,2020674,525249,151178,299,22,0.6720648240114302,-1.6785815649878666,11956931,600,26460,1668,115991,24357,23176,10953,8914,27977,4187,2071,593623,62.02,65.19,741.0,2951.0,2273.0,3992.0,8873.0,31012.0,9456.0,10294.0,158193.0,166064.0
2018-03-16,675.46,741,2018,11,2032604,544408,155026,277,29,0.5867869101514414,-1.8689234749256245,12000563,534,25545,1801,118608,24978,23755,9090,9102,49264,3906,1605,591424,62.29,64.68,704.0,2071.0,2951.0,4187.0,8914.0,26460.0,9582.0,9130.0,151178.0,158193.0
2018-03-23,646.59,704,2018,12,1986061,542478,157705,226,27,0.5536319093839073,-1.867021782480479,11843511,976,28383,2442,118813,25339,26209,11163,11668,36625,4357,2348,589085,65.8,69.03,633.0,1605.0,2071.0,3906.0,9102.0,25545.0,8165.0,9456.0,155026.0,151178.0
2018-03-30,658.68,633,2018,13,1932283,545783,151049,289,27,0.4654312426090621,-1.9594075596705447,11366624,660,27860,3542,139717,23310,31962,10541,12679,57652,4111,4233,557245,64.87,69.02,585.0,2348.0,1605.0,4357.0,11668.0,28383.0,9387.0,9582.0,157705.0,155026.0
2018-04-13,659.74,585,2018,15,2136845,629315,205721,173,20,0.2919539767281655,-2.208383776841949,12217566,580,27370,14563,126062,21032,41553,11826,10238,59011,3732,2871,597240,67.35,73.18,584.0,4233.0,2348.0,4111.0,12679.0,27860.0,10953.0,8165.0,151049.0,157705.0
2018-04-20,674.58,584,2018,16,2018430,550994,171107,158,9,0.5242664949155905,-1.8557651858108464,11855499,560,27749,7294,116395,22763,30347,10933,10380,33280,3398,2734,583566,68.26,74.62,774.0,2871.0,4233.0,3732.0,10238.0,27370.0,9090.0,9387.0,205721.0,151049.0
2018-04-27,760.67,774,2018,17,1917697,503021,154930,177,19,0.6359662886603855,-1.7530982062088225,11275779,680,26601,3084,111806,19475,33025,10355,8786,22327,3167,4228,556051,68.11,75.33,788.0,2734.0,2871.0,3398.0,10380.0,27749.0,11163.0,10953.0,171107.0,205721.0
2018-05-04,776.88,788,2018,18,1821627,482298,145999,198,26,0.6285047141974875,-1.7558360629002114,10701965,840,23607,3184,105490,19970,35968,10697,7660,20382,3038,2581,532484,69.71,74.75,811.0,4228.0,2734.0,3167.0,8786.0,26601.0,10541.0,9090.0,154930.0,171107.0
2018-05-11,778.83,811,2018,19,1987923,519136,164365,210,29,0.7117945627481236,-1.6682956427013087,11468921,760,25570,7755,108733,18690,66808,11276,9594,21005,3315,3062,565177,70.69,77.37,793.0,2581.0,4228.0,3038.0,7660.0,23607.0,11826.0,11163.0,145999.0,154930.0
2018-05-18,753.83,793,2018,20,2013374,543261,163349,208,13,0.5930241267368906,-1.8449934572986408,11664833,1260,30289,2958,111538,26036,65212,10920,8573,24029,4658,1875,576766,71.23,78.38,825.0,3062.0,2581.0,3315.0,9594.0,25570.0,10933.0,10541.0,164365.0,145999.0
2018-05-25,764.34,825,2018,21,1885201,497298,145739,195,12,0.6428544451517088,-1.7830281221291402,11112326,670,27240,3396,112407,17885,34319,13810,9138,28007,3043,2653,555063,67.92,76.6,876.0,1875.0,3062.0,4658.0,8573.0,30289.0,10355.0,11826.0,163349.0,164365.0
2018-06-01,829.09,876,2018,22,1801678,473828,146296,228,13,0.647813270295277,-1.7854784961693793,10690674,690,29304,2717,101381,16564,31882,11686,8876,32522,2890,1870,534234,65.81,74.54,870.0,2653.0,1875.0,3043.0,9138.0,27240.0,10697.0,10933.0,145739.0,163349.0
2018-06-08,806.04,870,2018,23,1843967,465738,134048,198,19,0.7786769502924942,-1.677995533909729,10810324,3312,23150,1668,104231,17030,26818,12732,9854,24087,2543,2135,540636,65.77,75.11,862.0,1870.0,2653.0,2890.0,8876.0,29304.0,11276.0,10355.0,146296.0,145739.0
2018-06-15,777.7,862,2018,24,1828403,460165,131312,181,14,0.8202479223581336,-1.6002238026714348,10707626,980,22313,1690,100531,16470,23501,12670,9118,17873,2066,4669,532365,65.01,72.02,834.0,2135.0,1870.0,2543.0,9854.0,23150.0,10920.0,10697.0,134048.0,146296.0
2018-06-22,751.13,834,2018,25,1844970,483183,135272,199,9,0.73448941606512,-1.7991479494316942,10989196,870,21658,2292,107575,19177,25838,10492,10583,18471,2272,3706,538590,69.02,73.67,885.0,4669.0,2135.0,2066.0,9118.0,22313.0,13810.0,11276.0,131312.0,134048.0
2018-06-29,821.18,885,2018,26,1849829,481404,139557,207,23,0.7401234497824383,-1.743210838519784,10958235,530,25123,2113,108890,19129,23337,9071,8914,19750,2863,2979,533013,74.13,77.44,881.0,3706.0,4669.0,2272.0,10583.0,21658.0,11686.0,10920.0,135272.0,131312.0
2018-07-06,817.4,881,2018,27,1697928,449956,132485,168,15,0.66976263983236,-1.8278149038052327,10149870,640,23051,1503,104291,16718,27214,10887,9338,20892,2882,2118,504592,73.78,74.98,882.0,2979.0,3706.0,2863.0,8914.0,25123.0,12732.0,13810.0,139557.0,135272.0
2018-07-13,825.57,882,2018,28,1783758,457930,131340,185,17,0.7479217133762353,-1.7011385304025906,10430691,740,21340,2387,102426,17326,26980,10427,11953,27044,2739,2175,513987,71.03,74.11,863.0,2118.0,2979.0,2882.0,9338.0,23051.0,12670.0,11686.0,132485.0,139557.0
2018-07-20,793.76,863,2018,29,1709568,460865,134109,258,39,0.6194715956484755,-1.943480092695084,10068765,812,24260,1884,101564,17287,26179,8923,8295,39395,2558,2010,484890,70.31,71.99,926.0,2175.0,2118.0,2739.0,11953.0,21340.0,10492.0,12732.0,131340.0,132485.0
2018-07-27,863.59,926,2018,30,1681275,460915,144055,229,20,0.5395628193636607,-2.0378755308934124,9887349,540,25955,2341,100785,16867,35489,10467,7307,25278,3658,2594,479380,68.66,74.84,935.0,2010.0,2175.0,2558.0,8295.0,24260.0,9071.0,12670.0,134109.0,131340.0
2018-08-03,890.52,935,2018,31,1652203,457528,137505,413,45,0.5261084194056996,-2.079911104378568,9875203,982,23821,1411,101171,17739,27493,11265,6551,26428,3606,2889,475336,68.49,72.48,948.0,2594.0,2010.0,3658.0,7307.0,25955.0,10887.0,10492.0,144055.0,134109.0
2018-08-10,893.88,948,2018,32,1648923,472941,142794,306,28,0.4130863231691046,-2.2129680828354905,9759886,1220,24125,3107,113378,17460,30984,10126,7848,27958,3745,3467,475025,67.61,71.0,928.0,2889.0,2594.0,3606.0,6551.0,23821.0,10427.0,9071.0,137505.0,144055.0
2018-08-17,891.83,928,2018,33,1615482,431407,127165,236,34,0.616797463543388,-2.02694453684389,9554156,34810,21115,1441,97813,14013,23106,11302,6899,22329,3514,2655,464121,65.93,70.14,959.0,3467.0,2889.0,3745.0,7848.0,24125.0,8923.0,10887.0,142794.0,137505.0
2018-08-24,901.66,959,2018,34,1669329,448712,129308,255,21,0.6122675185868314,-2.088693034937513,9742568,1000,22343,1774,104818,14558,22050,12234,8461,30022,3478,2284,470231,69.71,74.41,933.0,2655.0,3467.0,3514.0,6899.0,21115.0,10467.0,10427.0,127165.0,142794.0
2018-08-31,939.48,933,2018,35,1787015,471472,137106,218,18,0.6721467363172664,-1.9328121384095007,10339260,975,21170,1931,104694,16134,24330,11509,12186,29149,3031,2744,493722,69.84,76.94,885.0,2284.0,2655.0,3478.0,8461.0,22343.0,11265.0,8923.0,129308.0,127165.0
2018-09-07,921.36,885,2018,36,1752284,464086,136796,206,28,0.6381529478098299,-1.9851329222117104,10222758,760,21275,2260,101065,17602,27780,11008,8902,33981,2946,2787,496971,67.73,75.55,821.0,2744.0,2284.0,3031.0,12186.0,21170.0,10126.0,10467.0,137106.0,129308.0
2018-09-14,909.74,821,2018,37,1746457,462297,134100,262,35,0.6509179733128116,-2.017746904586163,10312842,780,20695,2472,105607,16229,26277,11344,9170,30406,3082,2406,505202,68.98,77.87,766.0,2787.0,2744.0,2946.0,8902.0,21275.0,11302.0,11265.0,136796.0,137106.0
2018-09-21,890.21,766,2018,38,1784930,475292,143684,242,39,0.631817356724832,-1.878318606052521,10447166,960,25850,2679,100343,15255,36028,14404,7594,36783,2368,2021,512200,70.8,78.9,735.0,2406.0,2787.0,3082.0,9170.0,20695.0,12234.0,10126.0,134100.0,136796.0
2018-09-28,870.58,735,2018,39,1804934,475404,134640,252,30,0.6891175522207461,-1.7950639254432332,10553868,1320,20964,1486,99120,16227,34170,13808,9864,28331,2233,1879,510797,73.16,82.72,731.0,2021.0,2406.0,2368.0,7594.0,25850.0,11509.0,11302.0,143684.0,134100.0
2018-10-12,904.51,731,2018,41,1715652,444982,130528,237,37,0.6715345953227086,-1.79256333102746,10002045,730,19045,1144,97278,16132,22474,11162,8833,22354,3350,1854,497537,71.41,80.71,727.0,1879.0,2021.0,2233.0,9864.0,20964.0,11008.0,12234.0,134640.0,143684.0
2018-10-19,926.25,727,2018,42,1831239,482202,146710,230,34,0.6249541430692551,-1.881129591054804,10569662,822,21469,2001,102699,15958,24802,9717,7851,23606,3183,2211,514387,69.16,80.38,761.0,1854.0,1879.0,3350.0,8833.0,19045.0,11344.0,11509.0,130528.0,134640.0
2018-10-26,956.63,761,2018,43,1825839,480870,143830,236,37,0.636093892229212,-1.8517529736168232,10560225,958,24619,2324,101220,17219,23226,10532,7915,24230,2554,1971,518172,67.58,77.4,752.0,2211.0,1854.0,3183.0,7851.0,21469.0,14404.0,11008.0,146710.0,130528.0
2018-11-02,976.52,752,2018,44,1809935,485092,151840,260,29,0.5795506907986702,-1.9167899306556029,10477883,780,29794,1617,102406,17699,27353,10741,7856,20972,3862,2768,506866,63.12,71.11,753.0,1971.0,2211.0,2554.0,7915.0,24619.0,13808.0,11344.0,143830.0,146710.0
2018-11-09,961.88,753,2018,45,1792920,471347,143867,220,29,0.6302019947370711,-1.7532891415326368,10318378,1216,25194,1250,101934,16174,26636,9915,9974,24635,3422,3323,510316,60.19,69.01,735.0,2768.0,1971.0,3862.0,7856.0,29794.0,11162.0,14404.0,151840.0,143830.0
2018-11-16,951.57,735,2018,46,1785125,464506,142417,172,25,0.6606695568535687,-1.799349190001312,10427723,1236,22110,3770,98585,16892,28189,9773,7571,20494,2683,2877,513681,56.49,65.29,738.0,3323.0,2768.0,3422.0,9974.0,25194.0,9717.0,13808.0,143867.0,151840.0
2018-11-23,903.9,738,2018,47,1653832,449968,137624,220,27,0.579529624888668,-1.856109051597996,9877513,830,23336,1896,95274,16260,21098,12690,7028,25737,2317,2640,484171,54.41,57.69,747.0,2877.0,3323.0,2683.0,7571.0,22110.0,10532.0,11162.0,142417.0,143867.0
2018-11-30,890.41,747,2018,48,1864978,491346,139081,170,25,0.6593176216114189,-1.8347114832954423,10761097,850,23734,1783,113944,19478,21285,12823,8533,65877,2807,2814,522364,50.78,57.71,774.0,2640.0,2877.0,2317.0,7028.0,23336.0,10741.0,9717.0,137624.0,142417.0
2018-12-07,861.55,774,2018,49,1722357,450098,123175,198,26,0.7011387882999871,-1.823613694804088,10106466,800,20369,1346,105007,18156,25213,15883,7222,34469,2701,2477,496529,52.76,61.71,832.0,2814.0,2640.0,2807.0,8533.0,23734.0,9915.0,10532.0,139081.0,137624.0
2018-12-14,848.65,832,2018,50,1637859,453169,126354,135,13,0.5608090987741837,-1.988057318477764,9672872,480,23557,984,107456,17447,25700,17295,7272,25743,2554,2761,481625,51.26,58.56,872.0,2477.0,2814.0,2701.0,7222.0,20369.0,9773.0,10741.0,123175.0,139081.0
2018-12-21,833.85,872,2018,51,1589978,439894,120699,106,14,0.6566355006169898,-1.9911220151433744,9348917,480,19228,1130,105354,16399,22230,13821,6493,26302,2222,2653,461833,45.38,51.93,996.0,2761.0,2477.0,2554.0,7272.0,23557.0,12690.0,9915.0,126354.0,123175.0
2018-12-28,910.81,996,2018,52,1169604,328319,100588,78,13,0.5337830870816846,-2.077115174487897,6826103,1024,17039,1752,75867,11695,21157,9305,4819,21904,3861,1616,335650,45.15,50.57,996.0,2653.0,2761.0,2222.0,6493.0,19228.0,12823.0,9773.0,120699.0,126354.0
2019-01-04,940.86,996,2019,1,1198846,333873,101735,62,7,0.5152188020813351,-2.0865839283924767,6876718,630,17255,1110,75240,12130,18070,9804,5192,17027,2538,1922,345706,47.76,55.64,979.0,1616.0,2653.0,3861.0,4819.0,17039.0,15883.0,12690.0,100588.0,120699.0
2019-01-11,940.08,979,2019,2,1571690,423644,117388,104,8,0.6303148666936861,-2.034374926358573,9015515,648,19232,1492,97901,17496,25170,11890,8023,19481,3530,1759,456541,51.44,59.24,970.0,1922.0,1616.0,2538.0,5192.0,17255.0,17295.0,12823.0,101735.0,100588.0
2019-01-18,968.07,970,2019,3,1685424,450061,126114,106,15,0.6401818315586866,-1.96636695944851,9701462,840,19689,2279,102224,18203,22278,15453,7801,23860,2771,1708,484302,53.6,62.04,960.0,1759.0,1922.0,3530.0,8023.0,19232.0,13821.0,15883.0,117388.0,101735.0
2019-01-25,945.44,960,2019,4,1675073,446135,125346,93,15,0.650606511604583,-1.8853441658550265,9652486,850,20805,2569,99899,19750,27495,12037,7237,24988,2585,1191,479058,53.53,61.49,960.0,1708.0,1759.0,2771.0,7801.0,19689.0,9305.0,17295.0,126114.0,117388.0
2019-02-01,934.44,960,2019,5,1675662,440146,116397,140,18,0.7175807951264513,-1.918063654079694,9694096,680,19446,1419,103528,17517,21274,13276,6755,23802,2580,1489,484873,55.29,61.86,906.0,1191.0,1708.0,2585.0,7237.0,20805.0,9804.0,13821.0,125346.0,126114.0
2019-02-15,888.29,906,2019,7,1759684,468392,132752,100,15,0.662871587025383,-1.9309992790011803,10063296,720,21404,1818,102748,18956,26488,10841,8559,24030,2685,1307,497710,55.58,65.65,831.0,1489.0,1191.0,2580.0,6755.0,19446.0,11890.0,9305.0,116397.0,125346.0
2019-02-22,847.75,831,2019,8,1759796,473429,132633,89,8,0.6397003511208421,-1.9105702298034384,10005712,320,20971,1599,107571,19136,22414,11161,8399,22916,3779,1160,497094,57.01,66.91,796.0,1307.0,1489.0,2685.0,8559.0,21404.0,15453.0,9804.0,132752.0,116397.0
2019-03-01,803.71,796,2019,9,1796801,476656,138304,81,9,0.6388883076059997,-1.8907186436246408,10059529,1070,23092,1979,105983,18279,20574,11402,6751,23222,3090,1240,502833,55.76,63.71,754.0,1160.0,1307.0,3779.0,8399.0,20971.0,12037.0,11890.0,132633.0,132752.0
2019-03-08,766.92,754,2019,10,1655793,446988,124603,71,12,0.600700933027256,-1.9011622281674752,9476619,480,19914,1508,102025,20040,23241,11396,8244,20479,3922,1301,476892,55.77,65.66,714.0,1240.0,1160.0,3090.0,6751.0,23092.0,13276.0,15453.0,138304.0,132633.0
2019-03-15,742.1,714,2019,11,1725649,486877,140818,113,11,0.4773717073905696,-2.0906369796393265,10078870,1240,27927,1860,111111,22460,22515,13230,7628,21518,2761,1602,498253,58.51,66.11,684.0,1301.0,1240.0,3922.0,8244.0,19914.0,10841.0,12037.0,124603.0,138304.0
2019-03-22,727.88,684,2019,12,1736332,476281,142234,140,21,0.5341072274980462,-2.0056779528576185,10028604,1200,28512,1323,105175,20641,23127,10671,11105,22099,2630,1313,491951,58.87,66.29,651.0,1602.0,1301.0,2761.0,7628.0,27927.0,11161.0,13276.0,140818.0,124603.0
2019-03-29,793.49,651,2019,13,1743206,466001,132938,134,10,0.6413476089458156,-1.8896161017598696,10061607,1120,22363,4323,102448,19653,32186,11391,6799,25085,3102,1410,493589,60.19,67.93,640.0,1313.0,1602.0,2630.0,11105.0,28512.0,11402.0,10841.0,142234.0,140818.0
2019-04-12,782.46,640,2019,15,1709996,459503,124643,128,8,0.6380289243149041,-1.9968406235453136,9830638,790,20574,1214,110519,17499,21711,9035,6836,20121,3194,1228,486992,63.86,71.57,638.0,1410.0,1313.0,3102.0,6799.0,22363.0,11396.0,11161.0,132938.0,142234.0
2019-04-19,761.74,638,2019,16,1551976,414937,120713,146,34,0.6007696639638757,-1.9229493654801588,8919622,1200,21793,1552,94682,14987,17190,8621,6582,20766,2504,2126,446387,64.02,70.71,717.0,1228.0,1410.0,3194.0,6836.0,20574.0,13230.0,11402.0,124643.0,132938.0
2019-04-26,778.0,717,2019,17,1589377,426965,127876,114,14,0.5961010819422112,-1.9549497918593528,9189402,580,21074,2789,96749,14573,18733,10448,5541,21312,2350,1083,453207,63.29,71.03,768.0,2126.0,1228.0,2504.0,6582.0,21793.0,10671.0,11396.0,120713.0,124643.0
2019-05-10,756.88,768,2019,19,1596638,426977,127740,110,17,0.6190311856457846,-1.8903807882063712,9212012,480,22320,4190,95811,14539,26329,13184,7771,19461,2352,1171,460195,61.65,71.63,723.0,1083.0,2126.0,2350.0,5541.0,21074.0,11391.0,13230.0,127876.0,120713.0
2019-05-17,726.23,723,2019,20,1637705,444679,126384,139,14,0.5809266015552252,-2.022392303226544,9492083,696,20331,2380,105115,15493,31271,12891,7353,19342,2532,2663,472152,62.77,73.94,743.0,1171.0,1083.0,2352.0,7771.0,22320.0,9035.0,10671.0,127740.0,127876.0
2019-05-24,723.93,743,2019,21,1607412,431367,121470,110,11,0.632236515082987,-1.8593727274436245,9370020,460,19602,2425,99637,14946,25307,14657,6977,20584,2452,2284,467701,58.4,67.98,780.0,2663.0,1171.0,2532.0,7353.0,20331.0,8621.0,11391.0,126384.0,127740.0
2019-05-31,782.12,780,2019,22,1558964,405060,116557,110,19,0.6859846679542794,-1.7423198069305843,8977840,740,19673,2040,92466,13663,23530,13617,7012,20223,2279,1191,445427,53.49,66.78,745.0,2284.0,2663.0,2452.0,6977.0,19602.0,10448.0,9035.0,121470.0,126384.0
2019-06-14,779.12,745,2019,24,1611936,426787,122984,100,8,0.6563005581677555,-1.9322133559295191,9369848,690,19929,2621,93705,17835,29759,14027,6246,19396,2064,2242,458191,52.47,63.13,716.0,1191.0,2284.0,2279.0,7012.0,19673.0,13184.0,8621.0,116557.0,121470.0
2019-06-21,764.46,716,2019,25,1626587,439850,128688,131,12,0.578738470448136,-2.0096126555606246,9438246,820,24740,2605,96698,17875,42179,12896,8642,25406,5180,2083,458470,57.35,65.99,701.0,2242.0,1191.0,2064.0,6246.0,19929.0,12891.0,10448.0,122984.0,116557.0
2019-06-28,829.7,701,2019,26,1671274,437359,122103,96,6,0.6909750614652698,-1.868372459237706,9541588,610,21286,1532,99941,17266,31703,12315,7472,23610,2548,1584,465335,58.2,67.52,688.0,2083.0,2242.0,5180.0,8642.0,24740.0,14657.0,13184.0,128688.0,122984.0
2019-07-05,810.91,688,2019,27,1495736,394479,113359,69,11,0.6729095798166507,-1.8635485010334387,8744302,780,18539,2150,88605,16090,24810,12158,7687,19255,2407,1173,430083,57.06,64.23,676.0,1584.0,2083.0,2548.0,7472.0,21286.0,13617.0,12891.0,122103.0,128688.0
2019-07-12,817.41,676,2019,28,1551186,410784,113363,64,3,0.6735468161630981,-2.0037836303908327,8976168,1440,17894,1394,94577,14932,24935,11087,7394,21330,2678,1234,442590,59.99,66.65,672.0,1173.0,1584.0,2407.0,7687.0,18539.0,14027.0,14657.0,113359.0,122103.0
2019-07-19,790.77,672,2019,29,1562926,429721,117408,99,14,0.5833556099692689,-2.0926937852577576,8990391,1440,19231,1319,100772,14744,31766,10271,7201,21803,4227,1088,447201,55.42,61.04,754.0,1234.0,1173.0,2678.0,7394.0,17894.0,12896.0,13617.0,113363.0,113359.0
2019-07-26,788.93,754,2019,30,1533226,415912,119127,110,15,0.5834263181031366,-1.9952650790914128,8821781,450,20430,2418,93369,15232,27150,12110,5817,24083,2870,1069,437656,56.04,62.46,806.0,1088.0,1234.0,4227.0,7201.0,19231.0,12315.0,14027.0,117408.0,113363.0
2019-08-02,830.94,806,2019,31,1504038,415829,130034,128,16,0.4930709105367155,-2.1591055371627843,8685847,720,26887,2758,90138,15357,21313,12477,6731,21078,1867,1932,428113,55.67,61.12,810.0,1069.0,1088.0,2870.0,5817.0,20430.0,12158.0,12896.0,119127.0,117408.0
2019-08-09,822.09,810,2019,32,1483263,426900,136379,59,8,0.3699745763226078,-2.3479729973449777,8505267,432,35366,2389,90232,17267,19816,13406,5463,18111,2477,2508,423871,54.41,57.37,812.0,1932.0,1069.0,1867.0,6731.0,26887.0,11087.0,12315.0,130034.0,119127.0
2019-08-16,803.82,812,2019,33,1415038,394305,119094,66,12,0.4722714160326435,-2.1378442790972816,8075219,1190,24641,1765,87091,16099,23776,15225,5634,16474,1577,2065,400842,54.83,59.0,793.0,2508.0,1932.0,2477.0,5463.0,35366.0,10271.0,12158.0,136379.0,130034.0
2019-08-23,774.62,793,2019,34,1577160,420838,122816,87,9,0.6233734053615358,-2.033610559664061,8947296,1200,21061,2282,93223,16819,25557,15521,7307,19578,1532,2255,434853,54.08,58.64,757.0,2065.0,2508.0,1577.0,5634.0,24641.0,12110.0,11087.0,119094.0,136379.0
2019-08-30,819.65,757,2019,35,1553786,416043,126582,75,9,0.6095293995743292,-2.038475108967059,8879567,480,21822,2400,90483,15928,28674,13781,7552,19954,1471,2510,434309,55.07,61.04,710.0,2255.0,2065.0,1532.0,7307.0,21061.0,12477.0,10271.0,122816.0,119094.0
2019-09-06,795.05,710,2019,36,1521537,395443,115166,83,14,0.7112635011771008,-2.0311439065402186,8832297,500,20674,1915,90259,16880,21071,11497,6432,20700,1400,1698,431984,56.45,61.28,639.0,2510.0,2255.0,1471.0,7552.0,21822.0,13406.0,12110.0,126582.0,122816.0
2019-09-20,734.09,639,2019,38,1608142,420968,118264,77,6,0.6764853989429997,-1.9284155362522348,9200047,1268,18329,2952,92141,18971,38712,10376,6422,19599,2717,5082,450481,57.92,65.23,593.0,1698.0,2510.0,1400.0,6432.0,20674.0,15225.0,12477.0,115166.0,126582.0
2019-09-27,722.9,593,2019,39,1670040,417741,110077,82,7,0.8088996125240193,-1.8580772093201927,9511477,1200,18668,1646,93051,17711,28176,11051,7407,24969,3776,1820,463592,55.95,62.48,581.0,5082.0,1698.0,2717.0,6422.0,18329.0,15521.0,13406.0,118264.0,115166.0
2019-10-11,715.97,581,2019,41,1650003,454352,134078,85,7,0.5797009943018258,-2.038080819443563,9444438,2040,19985,2424,97476,20283,18063,12025,9763,23234,2918,938,458834,54.76,60.59,580.0,1820.0,5082.0,3776.0,7407.0,18668.0,13781.0,15225.0,110077.0,118264.0
2019-10-18,746.63,580,2019,42,1643301,444856,129669,67,5,0.6434019879534933,-1.98241665454498,9427691,1320,20659,1468,98771,19487,13504,9012,7410,21974,1903,763,458836,53.75,59.96,594.0,938.0,1820.0,2918.0,9763.0,19985.0,11497.0,15521.0,134078.0,110077.0
2019-10-25,774.27,594,2019,43,1582913,415069,120482,73,2,0.6954785720197075,-1.8539546953195,9134867,1070,18638,989,90756,19424,13964,9601,5840,23242,2066,736,446826,56.52,62.06,707.0,763.0,938.0,1903.0,7410.0,20659.0,10376.0,13781.0,129669.0,134078.0
2019-11-01,847.11,707,2019,44,1484565,392875,120311,51,9,0.6173725314267776,-1.9043650238511007,8585737,590,18676,1695,84557,17481,16472,8360,5388,21034,1849,1021,424521,56.04,60.17,729.0,736.0,763.0,2066.0,5840.0,18638.0,11051.0,11497.0,120482.0,129669.0
2019-11-08,837.99,729,2019,45,1522713,400267,117286,68,5,0.6586550181518235,-1.80409289228683,8856356,1200,19378,1303,87174,18072,16943,9262,7434,21577,1846,1013,437641,57.02,62.0,708.0,1021.0,736.0,1849.0,5388.0,18676.0,12025.0,10376.0,120311.0,120482.0
2019-11-15,797.78,708,2019,46,1535688,413578,124656,73,7,0.5806508223024469,-1.963007546182588,8966926,448,22281,3607,89857,19103,23277,10167,6699,24291,2086,779,437689,57.54,63.32,702.0,1013.0,1021.0,1846.0,7434.0,19378.0,9012.0,11051.0,117286.0,120311.0
2019-11-22,765.47,702,2019,47,1537712,412316,114885,84,8,0.6144761460068193,-1.9828614000249656,9031506,602,19048,2172,92485,20276,24683,12572,6193,24395,1932,876,440616,57.68,64.83,766.0,779.0,1013.0,2086.0,6699.0,22281.0,9601.0,12025.0,124656.0,117286.0
2019-11-29,819.63,766,2019,48,1385262,370499,108206,65,15,0.6218997155768587,-1.9529708187425787,8288672,440,18009,1720,81146,19680,19816,11167,6980,17744,2210,844,408070,58.12,64.5,800.0,876.0,779.0,1932.0,6193.0,19048.0,8360.0,9012.0,114885.0,124656.0
2019-12-06,850.27,800,2019,49,1509268,400231,119850,102,13,0.6370725314275913,-1.9817447158760388,8736370,520,24021,1412,85478,17516,18549,11030,8847,23827,1572,812,429847,59.2,66.5,893.0,844.0,876.0,2210.0,6980.0,18009.0,9262.0,9601.0,108206.0,114885.0
2019-12-13,880.44,893,2019,50,1495572,397465,114563,82,7,0.6665776927860277,-1.8947288163160392,8680841,580,22174,1419,88278,19347,15308,9287,7610,22681,1913,688,428245,60.11,67.44,944.0,812.0,844.0,1572.0,8847.0,24021.0,10167.0,8360.0,119850.0,108206.0
2019-12-20,904.83,944,2019,51,1438337,402713,111636,78,9,0.545517971151325,-2.103411304769708,8407304,440,18143,1236,93408,24801,14453,9703,7123,22143,2110,505,412132,60.43,68.66,1027.0,688.0,812.0,1913.0,7610.0,22174.0,12572.0,9262.0,114563.0,119850.0
2019-12-27,958.57,1027,2019,52,1065268,303427,95376,36,9,0.4719965980359852,-2.150763671518797,6260149,604,15140,2702,64999,16244,16436,8370,4206,18525,1553,820,305246,61.76,68.91,1124.0,505.0,688.0,2110.0,7123.0,18143.0,11167.0,10167.0,111636.0,114563.0
2020-01-03,1022.72,1124,2020,1,466576,147125,51670,20,3,0.1305230016117415,-2.636414524765008,2634298,730,7271,1897,30644,7358,16464,3878,1689,5900,696,276,129191,63.0,69.08,1058.0,820.0,505.0,1553.0,4206.0,15140.0,11030.0,12572.0,95376.0,111636.0
2020-01-10,1002.58,1058,2020,2,1639525,497289,178533,81,9,0.1646360773004847,-2.5907462250405047,9034087,1680,25038,15435,99339,21896,95171,9580,6721,24146,1919,1190,439146,59.02,66.77,1010.0,276.0,820.0,696.0,1689.0,7271.0,9287.0,11167.0,51670.0,95376.0
2020-01-17,990.68,1010,2020,3,1571602,427061,130289,87,4,0.5965070650884023,-2.0636677279186406,8934604,506,22007,5471,90519,19223,45487,10151,7875,25116,3349,1262,437263,58.55,64.05,850.0,1190.0,276.0,1919.0,6721.0,25038.0,9703.0,11030.0,178533.0,51670.0
2020-02-14,910.58,850,2020,7,1539077,404721,116598,57,3,0.6438187222844896,-1.983569360731961,8881911,330,19012,2691,93736,15409,20973,20305,7643,21195,2647,1419,435947,52.03,57.37,834.0,1262.0,1190.0,3349.0,7875.0,22007.0,8370.0,9287.0,130289.0,178533.0
2020-02-21,887.72,834,2020,8,1514952,401016,113677,51,5,0.6225156046196003,-2.0729211286110663,8703726,740,18151,2012,95908,16957,17023,18578,9413,27450,1757,1053,428437,53.36,58.6,804.0,1419.0,1262.0,2647.0,7643.0,19012.0,3878.0,9703.0,116598.0,130289.0
2020-02-28,875.76,804,2020,9,1574546,414642,123464,81,8,0.6027167299655773,-2.1965399373628323,9018105,330,18504,2257,99306,17083,21426,15700,5514,21132,2770,821,438492,44.83,51.31,830.0,1053.0,1419.0,1757.0,9413.0,18151.0,9580.0,8370.0,113677.0,116598.0
2020-03-06,871.16,830,2020,10,1597781,396482,113278,58,4,0.7537974853875475,-2.067675309419084,9200474,440,17958,1786,94318,17002,17695,13447,5499,19920,2378,746,450808,41.14,45.6,827.0,821.0,1053.0,2770.0,5514.0,18504.0,10151.0,3878.0,123464.0,113677.0
2020-03-13,911.85,827,2020,11,1467048,359617,90561,57,4,0.765600624928854,-2.115542613947522,8630032,610,13269,3522,110874,13613,15845,12012,6182,15498,1945,804,432351,31.72,32.25,797.0,746.0,821.0,2378.0,5499.0,17958.0,20305.0,9580.0,113278.0,123464.0
2020-03-20,898.05,797,2020,12,1384303,337302,74732,53,3,0.8394246057402176,-2.229632621280724,8492655,490,9827,1648,113153,10221,13812,13621,5905,12668,1826,644,441442,19.48,25.55,764.0,804.0,746.0,1945.0,6182.0,13269.0,18578.0,10151.0,90561.0,113278.0
2020-03-27,889.8,764,2020,13,1336029,309131,73963,91,3,1.0054790726848002,-2.280134042901768,8301938,840,9336,1325,84960,9064,12481,12839,5202,11108,1729,1045,435740,15.48,22.39,750.0,644.0,804.0,1826.0,5905.0,9827.0,15700.0,20305.0,74732.0,90561.0
2020-04-03,890.37,750,2020,14,1328485,308416,78175,71,12,0.99334610477348,-2.2528164734853253,8170914,520,10930,1164,77507,8991,12144,11556,5196,12432,1402,894,430588,28.36,24.33,734.0,1045.0,644.0,1729.0,5202.0,9336.0,13447.0,18578.0,73963.0,74732.0
2020-04-10,867.82,734,2020,15,1226336,284518,74651,36,5,0.9978514027569924,-2.1644443769675124,7598812,640,10546,938,67798,8200,9787,12716,5058,11513,1361,1092,404802,22.9,20.23,725.0,894.0,1045.0,1402.0,5196.0,10930.0,12012.0,15700.0,78175.0,73963.0
2020-04-17,829.29,725,2020,16,1235744,288387,75116,45,1,1.0126128269493155,-2.163165547411427,7621425,504,10908,1175,65054,10007,10265,15173,4467,11459,1401,790,402813,18.31,19.75,753.0,1092.0,894.0,1361.0,5058.0,10546.0,13621.0,13447.0,74651.0,78175.0
2020-04-24,818.16,753,2020,17,1261081,301302,80493,35,5,0.9359682177181424,-2.1100509305084576,7730754,455,13277,756,66003,11482,13032,14715,5725,10857,1458,769,407697,15.99,15.87,744.0,790.0,1092.0,1401.0,4467.0,10908.0,12839.0,12012.0,75116.0,74651.0
2020-05-08,855.07,744,2020,19,1269909,317434,89279,66,4,0.814039520973171,-2.090060956476913,7706545,648,14311,1356,67096,10735,13323,14165,7528,13807,1723,885,401126,24.73,24.23,831.0,769.0,790.0,1458.0,5725.0,13277.0,11556.0,13621.0,80493.0,75116.0
2020-05-15,854.08,831,2020,20,1261348,316296,87331,47,7,0.807058644449151,-2.12363581807356,7703836,500,14312,1002,68380,10923,15412,15563,6424,12894,1542,826,399476,29.44,30.95,827.0,885.0,769.0,1723.0,7528.0,14311.0,12716.0,12839.0,89279.0,80493.0
2020-05-22,847.63,827,2020,21,1273234,319721,85164,45,6,0.8148107016182512,-2.017482326053772,7695827,740,14010,833,69133,11111,15762,18313,5328,16628,1634,668,397431,33.49,33.8,863.0,826.0,885.0,1542.0,6424.0,14312.0,15173.0,11556.0,87331.0,89279.0
2020-05-29,920.38,863,2020,22,1249560,347338,97264,46,3,0.5143321193030808,-2.3960167516609765,7540111,400,16797,677,75629,25031,12346,19191,6271,14085,1345,612,388783,35.57,34.15,880.0,668.0,826.0,1634.0,5328.0,14010.0,14715.0,12716.0,85164.0,87331.0
2020-06-05,925.5,880,2020,23,1418527,440509,121681,82,11,0.1894463799542904,-2.8255887263129367,8335131,500,20642,669,91352,56701,15387,15957,9333,13906,2086,640,415634,39.49,41.0,875.0,612.0,668.0,1345.0,6271.0,16797.0,14165.0,15173.0,97264.0,85164.0
2020-06-12,1015.33,875,2020,24,1355009,383146,105960,48,8,0.4732088468915658,-2.4498697430108103,8057239,1110,19299,895,78449,32983,14308,12355,7198,12839,2265,515,404038,36.24,38.54,886.0,640.0,612.0,2086.0,9333.0,20642.0,15563.0,14715.0,121681.0,97264.0
2020-06-19,988.82,886,2020,25,1384911,383626,107151,44,5,0.5390717210614141,-2.2855614633348385,8204550,440,19469,888,82002,23425,14866,22587,8198,16535,3317,802,412335,39.72,42.33,907.0,515.0,640.0,2265.0,7198.0,19299.0,18313.0,14165.0,105960.0,121681.0
2020-07-03,1055.13,907,2020,27,1306679,357059,94342,63,12,0.5747933115835048,-2.1533403535656888,7786510,720,15810,1148,80845,17376,16868,20174,6188,14494,2216,790,395819,40.57,42.92,920.0,802.0,515.0,3317.0,8198.0,19469.0,19191.0,15563.0,107151.0,105960.0
2020-07-10,1033.58,920,2020,28,1309171,358476,96660,39,1,0.5527865428933053,-2.261821614326463,7774045,460,17288,1092,79927,15605,13951,18416,6368,17529,2151,582,397851,40.56,43.27,907.0,790.0,802.0,2216.0,6188.0,15810.0,15957.0,18313.0,94342.0,107151.0
2020-07-17,1035.61,907,2020,29,1308649,362080,97826,57,11,0.5343637598775532,-2.275279308094828,7786535,630,16550,1480,81142,16079,15074,18294,6183,15728,3110,946,396775,40.55,43.53,896.0,582.0,790.0,2151.0,6368.0,17288.0,12355.0,19191.0,96660.0,94342.0
2020-07-24,1022.03,896,2020,30,1306425,357572,97684,43,3,0.5673924142486774,-2.2214035774637524,7754732,600,16385,1265,81304,17092,16910,22033,6231,15341,3490,583,390813,41.23,43.29,901.0,946.0,582.0,3110.0,6183.0,16550.0,22587.0,15957.0,97826.0,96660.0
2020-07-31,1103.47,901,2020,31,1237823,333656,89509,51,4,0.5977096664999747,-2.2022182076911903,7375138,720,15484,1443,75857,15562,14635,15396,5998,15172,2012,653,373796,40.1,43.13,910.0,583.0,946.0,3490.0,6231.0,16385.0,20174.0,12355.0,97684.0,97826.0
2020-08-07,1107.39,910,2020,32,1244225,330871,92723,66,12,0.632190474506498,-2.302194794577378,7357749,780,15425,1284,74001,14123,12940,15978,5446,13868,1964,446,374976,41.16,44.07,916.0,653.0,583.0,2012.0,5998.0,15484.0,18416.0,22587.0,89509.0,97684.0
2020-08-14,1167.91,916,2020,33,1314559,346090,92237,63,4,0.687307605410517,-2.0962337584925645,7716025,420,16247,1017,76489,18729,16805,14677,5818,14306,1721,601,384839,42.05,44.86,937.0,446.0,653.0,1964.0,5446.0,15425.0,18294.0,20174.0,92723.0,89509.0
2020-08-21,1183.7,937,2020,34,1303255,346181,93959,74,10,0.6417471638320966,-2.117800631788512,7590857,540,15835,1467,74730,17308,16993,12184,6283,16690,1957,667,381244,42.32,43.94,1029.0,601.0,446.0,1721.0,5818.0,16247.0,22033.0,18416.0,92237.0,92723.0
2020-08-28,1263.26,1029,2020,35,1296066,355655,102792,46,7,0.5310094386280844,-2.218735980747224,7570710,580,22627,1471,77452,19972,14127,13669,6706,16880,1887,699,379742,42.96,45.22,1042.0,667.0,601.0,1957.0,6283.0,15835.0,15396.0,18294.0,93959.0,92237.0
2020-09-04,1320.8,1042,2020,36,1310573,352170,98370,55,3,0.6130969367433611,-2.202238579019257,7695575,500,20097,1093,76028,18589,12105,14850,7858,18798,1809,666,384962,39.69,41.1,1054.0,699.0,667.0,1887.0,6706.0,22627.0,15978.0,22033.0,102792.0,93959.0
2020-09-11,1355.04,1054,2020,37,1313780,350214,98741,70,8,0.6474822953075711,-2.1032729092926026,7717768,570,17091,969,75635,16819,13035,14450,6682,16806,1577,791,386573,37.33,38.8,1082.0,666.0,699.0,1809.0,7858.0,20097.0,14677.0,15396.0,98370.0,102792.0
2020-09-18,1409.57,1082,2020,38,1330436,347114,94721,44,4,0.7223715383528402,-1.9217360061179587,7784203,315,16386,1569,74801,16356,15684,15181,6197,16515,1788,778,391822,41.09,42.16,1079.0,791.0,666.0,1577.0,6682.0,17091.0,12184.0,15978.0,98741.0,98370.0
2020-09-25,1421.75,1079,2020,39,1287968,349062,96586,50,3,0.5812952360543682,-2.046479259457211,7594544,560,18851,852,74838,18012,13917,13046,5473,14004,2085,667,378186,40.06,40.91,1149.0,778.0,791.0,1788.0,6197.0,16386.0,13669.0,14677.0,94721.0,98741.0
2020-10-09,1438.22,1149,2020,41,1076119,288843,84230,78,9,0.6085092977808176,-2.151254115864588,6320229,870,13849,1754,62068,14217,9814,8062,4976,12788,1439,433,310093,40.44,41.63,1084.0,667.0,778.0,2085.0,5473.0,18851.0,14850.0,12184.0,96586.0,94721.0
2020-10-16,1448.87,1084,2020,42,915046,248050,70028,63,8,0.5976621863671978,-2.1446249011869902,5450510,440,11129,1668,52030,12865,8054,7911,4102,11658,1124,451,264581,40.7,41.34,1100.0,433.0,667.0,1439.0,4976.0,13849.0,14450.0,13669.0,84230.0,96586.0
2020-10-23,1469.03,1100,2020,43,823415,221541,61944,62,7,0.6018679569061942,-2.1210722632700514,4893667,500,10526,1086,46699,11734,7965,8628,3337,10082,1135,333,231268,39.73,40.71,1140.0,451.0,433.0,1124.0,4102.0,11129.0,15181.0,14850.0,70028.0,84230.0
2020-10-30,1529.99,1140,2020,44,694997,197648,55458,55,3,0.447303657425859,-2.2411643914464863,4137802,1100,9649,976,40354,12465,6556,5976,2983,8089,1099,325,197382,35.64,36.33,1246.0,333.0,451.0,1135.0,3337.0,10526.0,13046.0,14450.0,61944.0,70028.0
2020-11-06,1664.56,1246,2020,45,568956,157590,45993,27,2,0.4840854764549558,-1.9422633094338464,3317451,290,8218,450,31623,8819,5296,4152,2414,4919,866,154,162664,36.97,38.08,1508.0,325.0,333.0,1099.0,2983.0,9649.0,8062.0,15181.0,55458.0,61944.0
2020-11-13,1857.33,1508,2020,46,507804,125906,36031,42,1,0.8358226796165446,-1.784647484170073,2974507,490,6190,649,25542,5488,4706,4395,2149,5614,668,186,140972,39.93,41.51,1644.0,154.0,325.0,866.0,2414.0,8218.0,7911.0,13046.0,45993.0,55458.0
2020-11-20,1938.32,1644,2020,47,1090611,279858,77664,63,3,0.766042090360772,-1.90204136862736,6472142,712,13491,1916,59761,12124,13451,7559,5362,9983,1852,634,322506,41.99,43.79,2091.0,186.0,154.0,668.0,2149.0,6190.0,8628.0,8062.0,36031.0,45993.0
2020-11-27,2048.27,2091,2020,48,1167385,303989,85738,72,8,0.7169093894795272,-1.8756502822597017,7044169,738,14450,1503,64178,13714,20943,9323,5040,11898,1673,910,354310,45.58,46.88,2374.0,634.0,186.0,1852.0,5362.0,13491.0,5976.0,7911.0,77664.0,36031.0
2020-12-04,2129.26,2374,2020,49,1190665,309789,85237,69,5,0.7294818742929327,-1.8334709418328217,7219548,794,15471,850,65159,13735,18335,11702,5006,12361,2098,777,366393,46.23,49.1,2948.0,910.0,634.0,1673.0,5040.0,14450.0,4152.0,8628.0,85738.0,77664.0
2020-12-11,2311.71,2948,2020,50,1222967,314436,85250,69,6,0.7746028916584758,-1.7118489676623767,7349716,662,16569,818,66647,14739,13527,11021,5556,13236,2064,651,371192,46.59,50.01,3124.0,777.0,910.0,2098.0,5006.0,15471.0,4395.0,5976.0,85237.0,85738.0
2020-12-18,2411.82,3124,2020,51,1185427,306278,84784,72,8,0.7425771815703984,-1.717913662324076,7176034,669,17094,1185,69559,12263,11387,9285,5494,14936,1869,587,362278,49.04,52.17,3797.0,651.0,777.0,2064.0,5556.0,16569.0,7559.0,4152.0,85250.0,85237.0
2020-12-25,2641.87,3797,2020,52,984521,263819,73517,75,3,0.6708719689513357,-1.8587024126310616,5987600,740,15152,1683,70055,9230,12066,7884,5556,13122,1457,372,299060,48.18,50.88,4452.0,587.0,651.0,1869.0,5494.0,17094.0,9323.0,4395.0,84784.0,85250.0
2021-01-08,2870.34,4452,2021,1,1152680,337119,93590,80,5,0.4155672839243742,-2.2899764186316034,6771470,969,19558,1134,73586,14344,15392,9659,4640,8440,1935,614,346158,52.14,55.51,4413.0,372.0,587.0,1457.0,5556.0,15152.0,11702.0,7559.0,73517.0,84784.0
2021-01-15,2885.0,4413,2021,2,1188723,328971,86847,62,11,0.5802067095643133,-2.130931205463801,7114948,1063,16957,837,78650,12516,14073,10292,5290,12278,1888,1147,364913,52.25,54.8,4394.0,614.0,372.0,1935.0,4640.0,19558.0,11021.0,9323.0,93590.0,73517.0
2021-01-22,2868.95,4394,2021,3,1192386,313719,84038,79,7,0.7085592680185843,-1.886899384054753,7088345,1083,15274,1004,73394,13252,12652,10279,5971,18924,1837,872,364159,52.28,55.22,4276.0,1147.0,614.0,1888.0,5290.0,16957.0,9285.0,11702.0,86847.0,93590.0
2021-01-29,2861.69,4276,2021,4,1211012,322366,86268,68,4,0.6661371899584391,-1.962618351663096,7342734,1052,16476,759,74157,15330,13480,10640,7770,17022,1894,805,371926,52.16,55.25,4324.0,872.0,1147.0,1837.0,5971.0,15274.0,7884.0,11021.0,84038.0,86847.0
2021-02-05,2884.61,4324,2021,5,1218843,327788,86283,54,2,0.658651881011357,-1.9783164329206864,7360664,1014,17639,915,76099,15481,14402,9976,6776,19591,1926,1362,369827,56.8,59.48,4281.0,805.0,872.0,1894.0,7770.0,16476.0,9659.0,9285.0,86268.0,84038.0
2021-02-19,2875.93,4281,2021,7,1180933,312661,87545,61,2,0.6683240906100197,-1.9656889252806464,7161447,1014,16573,1840,68585,13937,14180,8038,5623,14633,2019,1318,359710,59.12,62.84,4047.0,1362.0,805.0,1926.0,6776.0,17639.0,10292.0,7884.0,86283.0,86268.0
2021-02-26,2775.29,4047,2021,8,1238164,338881,102176,66,8,0.5508592985887947,-2.007507264556187,7481070,1060,19543,2011,71553,14653,15304,8305,6346,15535,1589,1338,369315,61.55,65.86,3966.0,1318.0,1362.0,2019.0,5623.0,16573.0,10279.0,9659.0,87545.0,86283.0
2021-03-05,2721.94,3966,2021,9,1220173,328910,97347,49,1,0.5833194144735914,-1.952115323143712,7373043,1093,20877,2125,69411,15179,14965,8793,5292,14438,1679,1784,368290,66.08,69.95,3712.0,1338.0,1318.0,1589.0,6346.0,19543.0,10640.0,10292.0,102176.0,87545.0
2021-03-12,2637.53,3712,2021,10,1190354,315471,88539,94,5,0.641425155877999,-1.859405128889809,7223596,1093,18675,1133,68178,16574,12696,9580,4685,12560,1627,1429,360499,65.59,68.87,3665.0,1784.0,1338.0,1679.0,5292.0,20877.0,9976.0,10279.0,97347.0,102176.0
2021-03-19,2583.87,3665,2021,11,1236487,329812,93975,69,6,0.615688721353318,-1.9536542331100912,7425056,1014,22309,1412,71163,15491,12652,13645,5677,16401,1745,1492,366033,61.43,64.0,3742.0,1429.0,1784.0,1627.0,4685.0,18675.0,8038.0,10640.0,88539.0,97347.0
2021-03-26,2570.68,3742,2021,12,1229317,333867,98459,86,8,0.5688663451870793,-2.0004434778926585,7426299,1093,24149,2165,70740,15924,10239,16450,5091,14812,2120,1316,367097,60.93,63.77,3651.0,1492.0,1429.0,1745.0,5677.0,22309.0,8305.0,9976.0,93975.0,88539.0
2021-04-02,2585.42,3651,2021,13,1130650,300397,90380,60,5,0.6197285271176596,-1.9509258789336648,6830887,1004,20172,1026,65049,13068,9396,10617,4462,17668,2046,812,340079,61.41,63.85,3964.0,1316.0,1492.0,2120.0,5091.0,24149.0,8793.0,8038.0,98459.0,93975.0
2021-04-09,2652.12,3964,2021,14,1166367,300588,91736,61,7,0.6671521081380462,-1.9101016062943688,7036078,1093,20740,987,63467,11154,13302,10270,4385,20335,2143,870,346490,59.29,61.89,4187.0,812.0,1316.0,2046.0,4462.0,20172.0,9580.0,8305.0,90380.0,98459.0
2021-04-16,2833.42,4187,2021,15,1223939,326342,97734,57,3,0.6062188912455919,-2.0362275267572296,7319760,1060,25598,1325,70882,13417,15520,9563,4782,28951,2164,900,361986,63.16,65.98,4325.0,870.0,812.0,2143.0,4385.0,20740.0,13645.0,8793.0,91736.0,90380.0
2021-04-23,2979.76,4325,2021,16,1227385,334233,104460,75,8,0.5166212447479634,-2.112951313464468,7317402,1093,24067,1940,74735,14217,13786,9037,4684,27482,1784,856,360514,62.18,65.75,4630.0,900.0,870.0,2164.0,4782.0,25598.0,16450.0,9580.0,97734.0,91736.0
2021-04-30,3100.74,4630,2021,17,1180685,314265,97108,51,5,0.6142598938579568,-1.939515998596569,7101548,1014,21245,1235,68549,12727,14372,8764,4498,19877,1349,865,351438,63.5,67.73,4678.0,856.0,900.0,1784.0,4684.0,24067.0,10617.0,13645.0,104460.0,97734.0
2021-05-07,3095.16,4678,2021,18,1139274,302332,94733,67,6,0.6169793666300645,-1.882171905530019,6853456,1128,19934,1320,64413,12425,18426,9623,5527,12988,1864,732,337984,64.96,68.73,5438.0,865.0,856.0,1349.0,4498.0,21245.0,10270.0,16450.0,97108.0,104460.0
2021-05-14,3343.34,5438,2021,19,1196576,347187,124849,49,7,0.2953119567833548,-2.328892667995575,7096166,1060,23291,10587,68724,15986,64007,7978,5302,13348,2433,467,347263,65.32,69.24,5579.0,732.0,865.0,1864.0,5527.0,19934.0,9563.0,10617.0,94733.0,97108.0
2021-05-21,3432.5,5579,2021,20,1235727,334985,110746,69,3,0.5364408233553769,-2.1011711445777856,7264779,740,19238,7013,67182,15081,48977,9181,5751,13366,2440,553,351959,63.61,66.72,5816.0,467.0,732.0,2433.0,5302.0,23291.0,9037.0,10270.0,124849.0,94733.0
2021-05-28,3495.76,5816,2021,21,1216498,327408,95933,68,11,0.5909941487778857,-2.077287853484437,7208504,408,19415,2165,76122,13134,21625,10183,5063,15918,1789,482,350703,66.31,69.36,5887.0,553.0,467.0,2440.0,5751.0,19238.0,8764.0,9563.0,110746.0,124849.0
2021-06-04,3613.07,5887,2021,22,1119167,288004,86908,57,4,0.6974985748265223,-1.8405464941305607,6706825,520,17892,1475,62415,10748,15731,10565,4934,13516,1747,683,330045,69.57,71.3,6355.0,482.0,553.0,1789.0,5063.0,19415.0,9623.0,9037.0,95933.0,110746.0
2021-06-11,3703.93,6355,2021,23,1175875,294916,85056,76,16,0.7782521101307533,-1.772431070427385,6961503,970,17571,1213,65135,11377,14945,10208,5294,14442,1391,718,340313,71.0,72.05,6351.0,683.0,482.0,1747.0,4934.0,17892.0,7978.0,8764.0,86908.0,95933.0
2021-06-18,3748.36,6351,2021,24,1143243,285874,83034,54,3,0.7922607608732736,-1.6751809720233712,6782630,1060,17099,1205,63536,10578,15600,9472,4426,16879,1646,674,335396,71.64,73.1,6479.0,718.0,683.0,1391.0,5294.0,17571.0,9181.0,9623.0,85056.0,86908.0
2021-06-25,3785.4,6479,2021,25,1148159,296698,88105,79,5,0.6836114604635608,-1.8871671831851773,6845467,1052,19266,1037,66633,10602,13324,8924,5873,17942,1558,675,335424,74.21,76.45,6786.0,674.0,718.0,1646.0,4426.0,17099.0,10183.0,7978.0,83034.0,85056.0
2021-07-02,3905.14,6786,2021,26,1085269,285884,86503,53,4,0.6567408358872387,-1.8867192212153865,6527634,1054,16267,1399,63985,10384,12762,7446,4794,14252,1430,656,324314,75.37,77.51,6741.0,675.0,674.0,1558.0,5873.0,19266.0,10565.0,9181.0,88105.0,83034.0
2021-07-09,3932.35,6741,2021,27,1080051,287085,92259,74,10,0.6160962344529636,-1.9245152846591764,6488335,750,17702,1208,63567,9980,12250,7876,4747,13237,2453,589,320570,74.56,77.14,7023.0,656.0,675.0,1430.0,4794.0,16267.0,10208.0,10183.0,86503.0,88105.0
2021-07-16,4054.42,7023,2021,28,1131058,300171,89021,51,9,0.62469800319171,-2.0558580480393367,6702526,1250,17118,724,66165,16513,11014,9276,6060,11747,1516,444,327876,71.76,74.46,7127.0,589.0,656.0,2453.0,4747.0,17702.0,9472.0,10565.0,92259.0,86503.0
2021-07-23,4100.0,7127,2021,29,1038361,277345,81906,49,3,0.5925260628590414,-2.0259136581572137,6197269,360,15715,1411,60228,11934,12923,9989,4538,12375,1466,281,307479,72.24,74.86,7395.0,444.0,589.0,1516.0,6060.0,17118.0,8924.0,10208.0,89021.0,92259.0
2021-07-30,4196.24,7395,2021,30,998624,264773,82589,24,3,0.6148631259769742,-1.9746442739624008,5973503,850,15617,1021,55383,10799,14360,8193,3781,10950,1414,461,293291,73.93,77.72,7418.0,281.0,444.0,1466.0,4538.0,15715.0,7446.0,9472.0,81906.0,89021.0
2021-08-06,4225.86,7418,2021,31,904075,244748,79498,44,6,0.550685789122057,-2.0706780622570964,5428689,592,14317,2138,49829,8501,18025,6067,3385,9749,1140,373,265567,68.26,71.02,7407.0,461.0,281.0,1414.0,3781.0,15617.0,7876.0,8924.0,82589.0,81906.0
2021-08-13,4281.53,7407,2021,32,859447,231918,71492,45,5,0.5999081964618987,-2.129419781081248,5116529,590,12616,788,52543,7697,9984,7643,3841,10407,1023,366,245106,68.36,70.9,7398.0,373.0,461.0,1140.0,3385.0,14317.0,9276.0,7446.0,79498.0,82589.0
2021-08-20,4340.18,7398,2021,33,1006450,256220,79958,28,6,0.775109717432279,-2.029450286815577,5883543,630,15872,1126,57750,8635,9930,6442,5084,12293,952,411,279970,62.25,65.51,7365.0,366.0,373.0,1023.0,3841.0,12616.0,9989.0,7876.0,71492.0,79498.0
2021-08-27,4385.62,7365,2021,34,1164180,302861,94640,73,10,0.708233620631896,-2.09626065018477,6823089,870,17630,1864,69150,9774,11786,7991,4849,12781,1317,593,328900,68.84,72.26,7443.0,411.0,366.0,952.0,5084.0,15872.0,8193.0,9276.0,79958.0,71492.0
2021-09-03,4502.65,7443,2021,35,1102645,275234,85631,59,9,0.8003643965192777,-1.9027767753713367,6577010,540,16104,1755,60352,9577,9863,6716,3869,10977,1089,947,321139,69.34,73.07,7491.0,593.0,411.0,1317.0,4849.0,17630.0,6067.0,9989.0,94640.0,79958.0
2021-09-10,4568.16,7491,2021,36,1097136,275562,83960,39,7,0.7556447276074842,-1.8650803422383069,6535348,540,14603,1217,59881,10795,11319,6990,4183,12908,1272,743,319737,69.82,72.44,7524.0,947.0,593.0,1089.0,3869.0,16104.0,7643.0,8193.0,85631.0,94640.0
2021-09-17,4622.51,7524,2021,37,1154312,288420,83136,76,10,0.7713090937443162,-1.6992615579073769,6810257,560,15591,1884,63787,10969,11284,10292,4647,11948,1440,1015,331890,72.09,74.64,7551.0,743.0,947.0,1272.0,4183.0,14603.0,6442.0,6067.0,83960.0,85631.0
2021-09-24,4643.79,7551,2021,38,1240129,306530,86376,64,2,0.8069782425334202,-1.7413324096586604,7239167,1260,17813,1066,70339,11581,12212,10185,5412,14523,1220,939,346241,74.18,77.42,7714.0,1015.0,743.0,1440.0,4647.0,15591.0,7991.0,7643.0,83136.0,83960.0
2021-10-08,4647.6,7714,2021,40,1157266,292732,87505,64,7,0.7402455453004984,-1.7341783117837144,6849975,690,17943,1201,60905,11222,12452,10148,4383,12960,1376,919,334803,79.55,82.17,7687.0,939.0,1015.0,1220.0,5412.0,17813.0,6716.0,6442.0,86376.0,83136.0
2021-10-15,4588.07,7687,2021,41,1119067,287415,86995,61,19,0.7001518229024714,-1.7646808066569282,6690071,870,17253,1001,61158,11188,11857,8512,3756,12053,1364,897,326149,82.39,84.67,7666.0,919.0,939.0,1376.0,4383.0,17943.0,6990.0,7991.0,87505.0,86376.0
2021-10-22,4583.39,7666,2021,42,1146201,297338,89378,70,11,0.665704646400842,-1.7799176930723766,6807615,560,19123,1518,64917,11905,10201,8576,4675,15002,1154,707,332850,84.53,85.43,7693.0,897.0,919.0,1364.0,3756.0,17253.0,10292.0,6716.0,86995.0,87505.0
2021-10-29,4567.28,7693,2021,43,1176361,300612,84848,85,20,0.7424131473199309,-1.6878178946654403,6995773,553,17650,1166,66328,13098,12646,8565,4770,13503,1323,1094,335882,83.5,83.1,7637.0,707.0,897.0,1154.0,4675.0,19123.0,10185.0,6990.0,89378.0,86995.0
2021-11-05,4535.92,7637,2021,44,1090554,277017,80220,68,13,0.7569143205069782,-1.6745590884964978,6505312,1290,16324,980,58792,11422,11570,8093,4687,12963,1294,918,319934,81.25,82.43,7560.0,1094.0,707.0,1323.0,4770.0,17650.0,10148.0,10292.0,84848.0,89378.0
2021-11-12,4554.04,7560,2021,45,1180549,305873,85509,40,8,0.7099502769918847,-1.8909789755274924,6975195,480,17345,946,67292,12016,12939,8702,4969,16997,1290,1171,335663,80.87,82.9,7552.0,918.0,1094.0,1294.0,4687.0,16324.0,8512.0,10185.0,80220.0,84848.0
2021-11-19,4555.21,7552,2021,46,1149702,301420,86770,40,3,0.665445300322868,-1.9248221277763309,6859036,2190,18490,993,68211,12374,12899,8976,5690,16978,1381,1059,332136,76.11,80.24,7549.0,1171.0,918.0,1290.0,4969.0,17345.0,8576.0,10148.0,85509.0,80220.0
2021-11-26,4601.97,7549,2021,47,1075810,273280,76951,58,4,0.7510578154716196,-1.8117468524291045,6525226,730,15334,855,64547,12502,12965,8773,6190,16026,1300,671,316253,78.32,72.37,7587.0,1059.0,1171.0,1381.0,5690.0,18490.0,8565.0,8512.0,86770.0,85509.0
2021-12-03,4727.06,7587,2021,48,1122271,281581,77284,41,5,0.7658730073868131,-1.7800641871120275,6702815,1390,17805,686,67041,9848,12293,8083,5085,20006,1355,580,326851,66.39,70.71,7597.0,671.0,1059.0,1300.0,6190.0,15334.0,8093.0,8576.0,76951.0,86770.0
2021-12-10,4810.98,7597,2021,49,1134014,290620,82571,60,11,0.7393656639091067,-1.7649800399448656,6682388,570,16070,933,67808,9693,12814,9723,4604,23050,1485,777,325561,71.71,74.98,7603.0,580.0,671.0,1355.0,5085.0,17805.0,8702.0,8565.0,77284.0,76951.0
2021-12-17,4894.62,7603,2021,50,1075852,274112,76921,44,2,0.7542712353417959,-1.7248340908685431,6461253,390,15334,847,63667,9535,12377,8557,6562,20434,1135,683,316826,70.93,72.97,7671.0,777.0,580.0,1485.0,4604.0,16070.0,8976.0,8093.0,82571.0,77284.0
2021-12-24,4956.02,7671,2021,51,885533,227925,65644,53,4,0.7222265260190875,-1.7152909620477086,5410637,490,13674,907,53386,7905,12191,6696,4728,17694,1281,1153,270090,73.89,75.24,7751.0,683.0,777.0,1135.0,6562.0,15334.0,8773.0,8702.0,76921.0,82571.0
2021-12-31,5046.66,7751,2021,52,790298,216237,66617,54,4,0.542904701770724,-1.9280814836000089,4820806,508,14256,1260,50147,7819,13831,6800,3617,14869,999,857,238789,75.33,77.24,7777.0,1153.0,683.0,1281.0,4728.0,13674.0,8083.0,8976.0,65644.0,76921.0
2022-01-07,5109.6,7777,2022,1,929835,253695,77342,42,6,0.5263593745462827,-2.1220583074893664,5602195,760,15440,1568,56024,11003,13461,6637,3539,13925,1419,944,278810,79.0,82.28,7797.0,857.0,1153.0,999.0,3617.0,14256.0,9723.0,8773.0,66617.0,65644.0
2022-01-14,5094.36,7797,2022,2,1041039,276638,77421,52,3,0.634945088512534,-1.9793758492130704,6223116,316,14616,1475,64047,10125,11051,7012,4712,22674,1237,778,309581,83.82,87.17,7783.0,944.0,857.0,1419.0,3539.0,15440.0,8557.0,8083.0,77342.0,66617.0
2022-01-21,5053.12,7783,2022,3,1116858,291552,82671,34,3,0.6947447873623476,-2.010016813982078,6550894,690,14814,1522,64613,9695,13097,7207,6349,32699,1185,2561,319780,85.16,89.75,7780.0,778.0,944.0,1237.0,4712.0,14616.0,6696.0,9723.0,77421.0,77342.0
2022-01-28,5010.36,7780,2022,4,1141781,302273,84665,45,5,0.6751093913671029,-1.959610125574056,6758857,760,16307,2272,65729,10308,10966,6891,7505,41917,1499,1746,326190,87.67,91.47,7677.0,2561.0,778.0,1185.0,6349.0,14814.0,6800.0,8557.0,82671.0,77421.0
2022-02-11,4980.93,7677,2022,6,1191597,312059,82098,43,5,0.7249264430670168,-1.9306580959367727,6942721,480,15517,1321,69763,13876,12058,6420,7260,43097,1183,1073,332402,93.1,97.5,7652.0,1746.0,2561.0,1499.0,7505.0,16307.0,6637.0,6696.0,84665.0,82671.0
2022-02-18,4946.01,7652,2022,7,1224888,327311,89901,45,6,0.6577773296638785,-2.053544365991311,7104123,526,16898,1667,70846,12678,12040,6456,7016,64470,1419,1063,339390,91.26,96.18,7519.0,1073.0,1746.0,1183.0,7260.0,15517.0,7012.0,6800.0,82098.0,84665.0
2022-02-25,4818.47,7519,2022,8,1469527,429956,117489,61,6,0.4532576853064772,-2.320058252051022,8218274,560,18031,4775,104450,17665,9942,9012,9213,179026,1277,706,387398,91.68,98.56,7387.0,1063.0,1073.0,1419.0,7016.0,16898.0,7207.0,6637.0,89901.0,82098.0
2022-03-04,4746.98,7387,2022,9,1438808,398206,117227,55,4,0.6085783053146918,-2.260448028017767,7947794,416,18630,4939,96447,17072,9439,9283,5996,165911,1036,652,377431,115.77,123.86,7019.0,706.0,1063.0,1277.0,9213.0,18031.0,6891.0,7012.0,117489.0,89901.0
2022-03-11,4625.06,7019,2022,10,1386572,374203,113340,61,8,0.6492236603823393,-2.175293734944732,7670005,432,18204,5072,86596,15091,12630,8310,5532,132383,1246,923,364977,109.31,118.11,6797.0,652.0,706.0,1036.0,5996.0,18630.0,6420.0,7207.0,117227.0,117489.0
2022-03-18,4540.31,6797,2022,11,1309428,350443,110604,47,2,0.6333717727148107,-2.094116922176958,7329807,310,18720,6264,78032,13519,12960,12278,5405,111964,1071,879,350359,104.69,114.32,6593.0,923.0,652.0,1246.0,5532.0,18204.0,6456.0,6891.0,113340.0,117227.0
2022-03-25,4434.07,6593,2022,12,1317882,345199,104946,46,5,0.6954445569151537,-2.0069805676559254,7420234,520,16709,4617,75264,13659,11295,8790,5200,100265,1271,1699,352908,116.2,122.67,6425.0,879.0,923.0,1071.0,5405.0,18720.0,9012.0,6420.0,110604.0,113340.0
2022-04-01,4348.71,6425,2022,13,1268015,329388,103631,36,3,0.7191399608205608,-1.9150921705621853,7186961,450,18229,3407,70965,11519,14924,8516,5999,83682,1391,892,345476,99.32,106.13,6157.0,1699.0,879.0,1271.0,5200.0,16709.0,9283.0,6456.0,104946.0,110604.0
2022-04-08,4263.66,6157,2022,14,1213957,344858,106808,48,3,0.4767742435051068,-2.2631472716687715,6970125,540,18193,3792,77590,11034,13361,7129,7618,95666,1134,726,341560,98.35,101.26,6086.0,892.0,1699.0,1391.0,5999.0,18229.0,8310.0,9012.0,103631.0,104946.0
2022-04-15,4228.65,6086,2022,15,1140176,325186,108126,39,5,0.4063305249900451,-2.296379975552972,6453001,720,20040,4045,70498,10772,15730,6866,6128,81762,1537,527,316669,106.84,110.83,6016.0,726.0,892.0,1134.0,7618.0,18193.0,12278.0,9283.0,106808.0,103631.0
2022-04-22,4195.98,6016,2022,16,1151179,316990,103976,32,4,0.5285113654033416,-2.0666954496471828,6548157,540,16588,4574,68245,9933,14381,6829,5429,72066,1290,605,321641,102.86,105.15,5984.0,527.0,726.0,1537.0,6128.0,20040.0,8790.0,8310.0,108126.0,106808.0
2022-04-29,4177.3,5984,2022,17,1190370,322511,101771,27,3,0.5890987401364461,-1.9298601536227256,6762395,310,16361,4338,73245,10697,12320,8768,6229,75949,1314,478,328782,104.59,108.36,5955.0,605.0,527.0,1290.0,5429.0,16588.0,8516.0,12278.0,103976.0,108126.0
2022-05-06,4163.74,5955,2022,18,1136396,305531,95893,43,5,0.561445854166777,-1.938427758701128,6412247,1160,14998,3972,68461,10466,13168,6363,6273,68682,1498,313,313640,109.72,113.86,5860.0,478.0,605.0,1314.0,6229.0,16361.0,7129.0,8790.0,101771.0,103976.0
2022-05-13,4147.83,5860,2022,19,1195027,324204,108028,47,14,0.5272953513904322,-1.9440203668160505,6793225,380,21330,3300,67899,11440,20558,7137,5284,60145,1423,379,329212,110.52,112.12,5862.0,313.0,478.0,1498.0,6273.0,14998.0,6866.0,8516.0,95893.0,101771.0
2022-05-20,4162.69,5862,2022,20,1195800,309877,98498,46,2,0.6896429109033445,-1.800742801190978,6823740,500,20988,2739,66673,9849,13772,8660,4295,55300,1080,378,329469,112.63,113.63,5865.0,379.0,313.0,1423.0,5284.0,21330.0,6829.0,7129.0,108028.0,95893.0
2022-05-27,4175.35,5865,2022,21,1191534,325507,114022,32,2,0.4836572854824116,-1.9456657003330389,6726144,560,29853,3036,65725,9777,15540,10136,4724,54183,1286,379,327716,114.96,121.19,5843.0,378.0,379.0,1080.0,4295.0,20988.0,8768.0,6866.0,98498.0,108028.0
2022-06-10,4233.31,5843,2022,23,1137173,311878,96762,54,7,0.5275376745666664,-1.9034988789589216,6501371,500,20515,2920,68773,10307,11967,8822,5471,51927,1074,235,316616,120.73,127.44,5793.0,379.0,378.0,1286.0,4724.0,29853.0,6363.0,6829.0,114022.0,98498.0
2022-06-17,4221.96,5793,2022,24,1123297,296441,93318,35,1,0.6219943113785787,-1.7776287503596724,6455487,480,17696,2569,66004,10464,12598,6854,5252,46142,1033,328,313687,109.56,119.22,5766.0,235.0,379.0,1074.0,5471.0,20515.0,7137.0,8768.0,96762.0,114022.0
2022-06-24,4216.13,5766,2022,25,1106711,292101,91987,30,1,0.6293777050898579,-1.7830954144655309,6382092,620,17176,3242,64997,11358,11361,6054,4772,47217,1175,256,312864,109.07,117.36,5731.0,328.0,235.0,1033.0,5252.0,17696.0,8660.0,6363.0,93318.0,96762.0
2022-07-01,4203.27,5731,2022,26,1137042,302989,93189,50,5,0.6474085442272663,-1.8303773752461727,6505420,790,16595,4571,68416,10594,11285,6591,4702,50137,1456,345,315779,110.3,119.21,5697.0,256.0,328.0,1175.0,4772.0,17176.0,10136.0,7137.0,91987.0,93318.0
2022-07-08,4143.87,5697,2022,27,1041562,283099,95644,34,3,0.5288619825895242,-1.971826495989696,5990943,520,23176,2798,61327,9246,11354,7853,4704,43409,1150,330,294235,106.78,113.95,5612.0,345.0,256.0,1456.0,4702.0,16595.0,8822.0,8660.0,93189.0,91987.0
2022-07-15,4074.7,5612,2022,28,1046864,278547,91943,36,8,0.5995900104694332,-1.87817343180463,5957188,340,17576,4298,60186,9301,13116,6455,4776,41670,1221,398,292242,99.59,112.26,5570.0,330.0,345.0,1150.0,4704.0,23176.0,6854.0,10136.0,95644.0,93189.0
2022-07-22,3996.77,5570,2022,29,1054968,280515,91564,28,4,0.634080118145875,-1.892015781319798,6011658,560,17788,3410,59199,9524,12451,6622,3992,41939,1459,329,294387,97.71,106.77,5416.0,398.0,330.0,1221.0,4776.0,17576.0,6054.0,8822.0,91943.0,95644.0
2022-07-29,3887.85,5416,2022,30,1020079,274966,88030,26,2,0.5745065304149813,-1.9593575813266804,5878367,318,16305,3334,58245,9021,10992,9576,4248,43052,1228,244,287698,101.31,111.51,5166.0,329.0,398.0,1459.0,3992.0,17788.0,6591.0,6854.0,91564.0,91943.0
2022-08-05,3739.72,5166,2022,31,1071707,302603,98931,55,5,0.4302299975646313,-2.1846230576580785,6121071,1335,16572,5384,62409,8666,18001,27446,3930,38630,1958,408,294918,91.77,100.31,4971.0,244.0,329.0,1228.0,4248.0,16305.0,7853.0,6054.0,88030.0,91564.0
2022-08-12,3562.67,4971,2022,32,985866,280106,95371,45,4,0.3925728242986317,-2.1584357399271044,5672972,538,15766,3446,58129,7832,16472,12620,4059,39587,1440,357,279404,94.86,103.7,4788.0,408.0,244.0,1958.0,3930.0,16572.0,6455.0,6591.0,98931.0,88030.0
2022-08-19,3429.83,4788,2022,33,972259,267871,85666,39,3,0.5150388839119083,-2.0227907314605647,5604273,538,14208,2998,58286,7378,12550,9354,4251,39528,1399,277,275706,93.55,96.45,4441.0,357.0,408.0,1440.0,4059.0,15766.0,6622.0,7853.0,95371.0,98931.0
2022-08-26,3154.26,4441,2022,34,988119,266936,82925,34,1,0.587465679741005,-1.916780027750693,5733983,540,14441,2881,57353,8203,11048,7453,4176,43290,970,292,282619,93.63,101.13,4252.0,277.0,357.0,1399.0,4251.0,14208.0,9576.0,6455.0,85666.0,95371.0
2022-09-02,2847.62,4252,2022,35,976773,259331,82403,38,2,0.6183189304350745,-1.8633130332096943,5708237,310,15979,2105,55866,7864,11613,9138,5368,38599,780,379,283425,87.29,93.09,3877.0,292.0,277.0,970.0,4176.0,14441.0,27446.0,6622.0,82925.0,85666.0
2022-09-09,2562.12,3877,2022,36,1023309,248777,79203,43,3,0.788230632194192,-1.4545081138169933,5853285,320,14502,1902,53825,7171,13239,5764,4460,35979,1258,285,289760,87.27,91.68,3545.0,379.0,292.0,780.0,5368.0,15979.0,12620.0,9576.0,82403.0,82925.0
2022-09-16,2312.65,3545,2022,37,1096880,267740,85160,45,2,0.8044503500838768,-1.6273831930183618,6227143,500,15097,2323,55101,8306,11445,7730,4730,40541,1122,376,300907,85.57,89.43,3163.0,285.0,379.0,1258.0,4460.0,14502.0,9354.0,27446.0,79203.0,82403.0
2022-09-23,2072.04,3163,2022,38,1091539,281178,81830,45,0,0.701871397854589,-1.90280304018434,6253831,690,13785,2110,60979,12717,17669,7310,4029,48830,889,233,301127,79.07,84.29,2950.0,376.0,285.0,1122.0,4730.0,15097.0,7453.0,12620.0,85160.0,79203.0
2022-09-30,1922.95,2950,2022,39,1046413,281145,83346,58,5,0.6046322187287899,-1.9307784643018668,6053666,400,14929,3294,59567,11863,16860,5841,4708,48783,1411,276,297503,79.91,88.9,2581.0,233.0,376.0,889.0,4029.0,13785.0,9138.0,9354.0,81830.0,85160.0
2022-10-14,1814.0,2581,2022,41,1051786,288614,94271,44,5,0.5231520410123011,-1.9513875695833327,6091835,538,17153,7196,57926,10112,17124,6255,5036,57733,1175,320,299475,86.1,92.22,2379.0,276.0,233.0,1411.0,4708.0,14929.0,5764.0,7453.0,83346.0,81830.0
2022-10-21,1778.69,2379,2022,42,1036073,285400,89116,45,3,0.5202108540719214,-1.9683458815401311,6045315,360,16257,4000,60719,9890,20642,6809,4727,51567,1153,478,296606,85.47,91.82,2102.0,320.0,276.0,1175.0,5036.0,17153.0,7730.0,9138.0,94271.0,83346.0
2022-10-28,1697.65,2102,2022,43,1025833,274733,86442,37,1,0.5790797491589743,-1.9502460871395968,5920948,450,16207,2504,56824,9467,18615,6217,4560,41552,1265,228,290547,87.85,94.64,1763.0,478.0,320.0,1153.0,4727.0,16257.0,7310.0,5764.0,89116.0,94271.0
2022-11-04,1579.21,1763,2022,44,1016766,267901,83688,70,6,0.644076159865285,-1.798225324934376,5872777,400,14922,5008,54422,10653,16077,6151,4520,37819,1856,313,286630,92.58,99.53,1478.0,228.0,478.0,1265.0,4560.0,16207.0,5841.0,7730.0,86442.0,89116.0
2022-11-11,1443.29,1478,2022,45,905252,225973,67634,21,0,0.8108814860965637,-1.5550836117956592,5194126,252,10971,2142,46116,8697,12484,5470,3609,32145,2298,423,256809,89.14,96.37,1172.0,313.0,228.0,1856.0,4520.0,14922.0,6255.0,7310.0,83688.0,86442.0
2022-11-18,1306.84,1172,2022,46,1079195,284135,93039,40,2,0.6268259776554423,-1.8133078879664857,6141594,500,15262,9423,58228,8938,16919,8324,5321,51967,1770,318,297942,80.07,88.93,1100.0,423.0,313.0,2298.0,3609.0,10971.0,6809.0,5841.0,67634.0,83688.0
2022-11-25,1229.9,1100,2022,47,915695,244715,81995,45,4,0.5914225619285232,-1.7670822358460834,5420407,450,16358,4771,48265,8716,12984,7226,3976,37406,1082,351,264507,76.45,83.4,1085.0,318.0,423.0,1770.0,5321.0,15262.0,6217.0,6255.0,93039.0,67634.0
2022-12-02,1171.36,1085,2022,48,994454,265163,81080,39,5,0.6268445800409062,-1.7706827115361805,5905214,420,13973,2977,57497,11050,13749,11622,4359,35495,1050,271,286530,79.86,86.54,1047.0,351.0,318.0,1082.0,3976.0,16358.0,6151.0,6809.0,81995.0,93039.0
2022-12-09,1138.09,1047,2022,49,995617,271036,81734,46,4,0.5858517599674425,-1.7834487788132527,5919288,624,14718,3580,61919,9537,13894,6378,6251,39291,936,274,287775,71.05,76.37,1050.0,271.0,351.0,1050.0,4359.0,13973.0,5470.0,6217.0,81080.0,81995.0
2022-12-16,1123.29,1050,2022,50,976951,269257,82229,60,4,0.5591189650972078,-1.873288447782385,5795457,330,14236,3658,62181,10163,12341,9011,4049,34634,1026,320,282519,74.19,80.2,1049.0,274.0,271.0,936.0,6251.0,14718.0,8324.0,6151.0,81734.0,81080.0
2022-12-23,1107.09,1049,2022,51,905780,240641,71225,26,2,0.6705515356131071,-1.8461382160840984,5358501,538,12206,2516,55737,8379,10651,7367,4108,33218,847,270,261750,79.57,82.45,1078.0,320.0,274.0,1026.0,4049.0,14236.0,7226.0,5470.0,82229.0,81734.0
2022-12-30,1107.55,1078,2022,52,750987,207913,69605,51,3,0.462549285140762,-2.036410134755185,4509488,460,12079,4129,47495,6721,9990,6418,2715,33875,843,285,220558,80.16,82.82,1050.0,270.0,320.0,847.0,4108.0,12206.0,11622.0,8324.0,71225.0,82229.0
2023-01-06,1061.14,1050,2023,1,875376,246581,83714,52,11,0.4149271276243324,-2.113378826186827,5072355,520,14422,3158,52109,7949,16250,6262,4848,34802,1131,219,251235,73.77,76.41,1020.0,285.0,270.0,843.0,2715.0,12079.0,6378.0,7226.0,69605.0,71225.0
2023-01-13,1031.42,1020,2023,2,1040300,285189,92513,49,1,0.4924244565243608,-1.9483462992327456,5904758,410,13750,3594,63416,10384,15939,7141,5555,44660,1023,405,284750,79.9,83.43,1014.0,219.0,285.0,1131.0,4848.0,14422.0,9011.0,11622.0,83714.0,69605.0
2023-01-20,1029.75,1014,2023,3,1059891,286592,92820,59,10,0.5327287428612999,-1.9078853460739529,6050185,640,15615,2888,63522,11909,12740,6157,9091,46570,957,293,291334,81.27,86.96,961.0,405.0,219.0,1023.0,5555.0,13750.0,7367.0,6378.0,92513.0,83714.0
2023-02-03,1006.89,961,2023,5,1088912,299389,97734,50,5,0.5018113509735805,-2.042466241526617,6180268,756,16293,3180,64982,10277,19005,9001,6373,50138,1091,295,293777,73.4,78.85,925.0,293.0,405.0,957.0,9091.0,15615.0,6418.0,9011.0,92820.0,92513.0
2023-02-10,995.16,925,2023,6,1071045,275607,90441,58,6,0.673644244639579,-1.8136379204805348,6116712,570,16065,3020,61485,9425,11130,8082,5627,45278,940,240,293562,79.74,85.46,910.0,295.0,293.0,1091.0,6373.0,16293.0,6262.0,7367.0,97734.0,92820.0
2023-02-17,974.66,910,2023,7,1085121,292079,95635,60,3,0.5442527607520254,-1.864223532171417,6154964,725,18822,3807,60429,9437,13302,9879,6738,52157,1074,302,295275,76.31,81.97,882.0,240.0,295.0,940.0,5627.0,16065.0,7141.0,6418.0,90441.0,97734.0
2023-02-24,946.68,882,2023,8,1136342,297819,95516,70,9,0.625997630994892,-1.8950100488574104,6342824,581,16311,3236,63926,9960,15623,10301,6399,63090,1016,372,298740,76.19,82.31,865.0,302.0,240.0,1074.0,6738.0,18822.0,6157.0,6262.0,95635.0,90441.0
2023-03-03,931.08,865,2023,9,1080784,289844,90005,54,8,0.5814788153784701,-1.9311095700856369,6173153,470,15098,2332,60887,12503,15706,10164,5368,49583,964,279,296774,79.62,85.74,865.0,372.0,302.0,1016.0,6399.0,16311.0,9001.0,7141.0,95516.0,95635.0
2023-03-10,906.55,865,2023,10,1082744,301613,99720,58,3,0.4429857713102489,-1.9977694861551245,6216361,460,16372,4065,61809,14219,17364,9382,5877,50261,1010,399,295682,76.55,82.3,878.0,279.0,372.0,964.0,5368.0,15098.0,8082.0,6157.0,90005.0,95516.0
2023-03-17,909.72,878,2023,11,1117211,299798,89504,55,5,0.6063138315679016,-1.893169007183028,6355502,1100,13945,3392,65009,12913,13493,10073,6205,53205,1028,405,302141,66.61,71.03,884.0,399.0,279.0,1010.0,5877.0,16372.0,9879.0,9001.0,99720.0,90005.0
2023-03-24,908.35,884,2023,12,1251031,336869,100354,106,10,0.5835735377108912,-1.8597109076834413,7025417,1004,15505,2959,76334,16751,16991,12337,6190,46368,1228,622,333308,69.22,73.63,863.0,405.0,399.0,1028.0,6205.0,13945.0,10301.0,8082.0,89504.0,99720.0
2023-03-31,923.78,863,2023,13,1670061,451566,139617,150,14,0.5596155101292941,-1.86424763984463,9467985,1194,25656,3650,101918,20014,21559,14559,8076,62250,1572,559,460063,75.68,79.19,877.0,622.0,405.0,1228.0,6190.0,15505.0,10164.0,9879.0,100354.0,89504.0
2023-04-07,956.93,877,2023,14,1586083,438547,142472,114,0,0.480806786077038,-1.8961210872382588,8875780,1900,23647,6713,95459,15077,35441,17931,6549,61857,2217,597,429770,80.7,86.56,871.0,559.0,622.0,1572.0,8076.0,25656.0,9382.0,10301.0,139617.0,100354.0
2023-04-14,1033.65,871,2023,15,1559661,414622,138056,107,7,0.5322279214700631,-1.82375365748892,8831383,830,26462,4757,91180,13498,19551,17207,6482,56645,1776,827,427440,82.58,87.31,883.0,597.0,559.0,2217.0,6549.0,23647.0,10073.0,10164.0,142472.0,139617.0
2023-04-21,1037.07,883,2023,16,1517083,394352,122107,74,6,0.6525874911342173,-1.7356935406568368,8678726,950,23871,2641,93357,13059,14363,14212,7123,50538,2348,603,429098,77.86,83.36,881.0,827.0,597.0,1776.0,6482.0,26462.0,12337.0,9382.0,138056.0,142472.0
2023-04-28,999.73,881,2023,17,1558615,397502,125217,120,12,0.6945482869041705,-1.7013489006935272,8852935,700,20862,3671,96864,12462,16812,14257,6717,51228,3255,626,431899,76.78,81.32,875.0,603.0,827.0,2348.0,7123.0,23871.0,14559.0,10073.0,122107.0,138056.0
2023-05-05,998.29,875,2023,18,1503555,393451,130905,100,10,0.5885253130418437,-1.6903455603280724,8484854,640,25723,4074,88733,14998,20174,9933,5988,54590,2433,483,420022,71.32,75.85,870.0,626.0,603.0,3255.0,6717.0,20862.0,17931.0,12337.0,125217.0,122107.0
2023-05-12,983.41,870,2023,19,1517872,401994,135878,75,5,0.5804776703097163,-1.7733357333636646,8657582,400,23952,6189,87026,13396,24000,11662,6323,50643,2626,427,431642,70.02,74.54,869.0,483.0,626.0,2433.0,5988.0,25723.0,17207.0,14559.0,130905.0,125217.0
2023-05-19,972.45,869,2023,20,1548093,383348,120090,87,5,0.7790599143591456,-1.5147092475359467,8766014,688,20630,4640,87158,11987,15535,10816,5761,55726,1872,406,434004,71.57,75.42,859.0,427.0,483.0,2626.0,6323.0,23952.0,14212.0,17931.0,135878.0,130905.0
2023-05-26,983.46,859,2023,21,1455528,374836,118186,75,4,0.678782407483738,-1.5547341370941947,8336158,610,20332,2759,84118,11665,15695,10529,7310,53375,1704,357,420827,72.35,76.33,846.0,406.0,427.0,1872.0,5761.0,20630.0,14257.0,17207.0,120090.0,135878.0
2023-06-02,1028.7,846,2023,22,1435663,371585,120524,123,5,0.6361866259700221,-1.5599063743098047,8281227,1600,21039,3939,79828,13906,16673,12519,6390,51557,2599,398,412676,71.76,76.0,831.0,357.0,406.0,1704.0,7310.0,20332.0,9933.0,14212.0,118186.0,120090.0
2023-06-09,979.85,831,2023,23,1442824,371319,115023,69,1,0.6756571045191767,-1.6873969883650206,8243030,690,19870,2606,80259,12220,15048,9996,6166,57461,2543,442,415983,70.16,74.74,808.0,398.0,357.0,2599.0,6390.0,21039.0,11662.0,14257.0,120524.0,118186.0
2023-06-16,934.31,808,2023,24,1452790,364969,116253,102,7,0.7323844668106632,-1.6070907832230026,8362643,644,19927,4038,80102,11546,13546,9868,6349,47926,2098,462,420433,71.81,76.76,763.0,442.0,398.0,2543.0,6166.0,19870.0,10816.0,9933.0,115023.0,120524.0
2023-06-30,953.6,763,2023,26,1349201,350328,109117,94,5,0.6454341764514934,-1.6940042967971918,7841875,769,19362,2984,74938,13029,14225,7691,5429,49694,1526,321,396862,70.66,74.51,740.0,462.0,442.0,2098.0,6349.0,19927.0,10529.0,11662.0,116253.0,115023.0
2023-07-07,931.73,740,2023,27,1321823,350277,116863,86,9,0.6021739689610269,-1.7826813047501926,7706749,728,21238,3423,71892,12728,23982,10088,5740,47703,1775,422,388093,73.91,78.77,738.0,321.0,462.0,1526.0,5429.0,19362.0,12519.0,10816.0,109117.0,116253.0
2023-07-14,979.11,738,2023,28,1430916,357778,110703,79,8,0.7862678706582586,-1.5575150827013615,8217732,430,18260,3289,75969,12004,15158,9606,5527,48539,1529,424,407349,75.44,79.9,742.0,422.0,321.0,1775.0,5740.0,21238.0,9996.0,10529.0,116863.0,109117.0
2023-07-21,966.45,742,2023,29,1415806,372172,116014,87,5,0.6290762704442142,-1.73806817087516,8068069,528,17501,4373,80766,13329,16080,8332,4960,58120,2237,650,401873,77.06,81.06,975.0,424.0,422.0,1529.0,5527.0,18260.0,9868.0,12519.0,110703.0,116863.0
2023-07-28,1029.23,975,2023,30,1348609,356521,114546,97,6,0.597101970479146,-1.751452304599376,7776023,530,17228,4051,76327,12515,14226,8824,4621,50210,1797,445,389742,80.55,84.49,947.0,650.0,424.0,2237.0,4960.0,17501.0,7691.0,9996.0,116014.0,110703.0
2023-08-04,1039.32,947,2023,31,1329348,368205,119628,77,12,0.4547469151915556,-1.99953958386622,7648371,468,18998,3192,82702,12305,14082,8586,4651,50706,1487,471,385251,82.76,87.38,926.0,445.0,650.0,1797.0,4621.0,17228.0,10088.0,9868.0,114546.0,116014.0
2023-08-11,1043.54,926,2023,32,1284704,353484,115996,49,3,0.4752942312003379,-1.9717500612274184,7459103,519,19430,3267,78649,10416,14343,10601,4680,43423,1414,535,376863,83.17,87.93,852.0,471.0,445.0,1487.0,4651.0,18998.0,9606.0,7691.0,119628.0,114546.0
2023-08-18,1031.0,852,2023,33,1270707,345426,113689,60,6,0.5028184354354504,-1.902249871276016,7283504,601,18349,3511,79349,9908,13054,9655,4586,44581,1499,399,369132,81.25,85.92,802.0,535.0,471.0,1414.0,4680.0,19430.0,8332.0,10088.0,115996.0,119628.0
2023-08-25,1013.78,802,2023,34,1340716,350987,117075,54,4,0.5959301263141398,-1.7922188319621,7572160,1620,19704,2672,76764,10545,13532,9658,4865,48869,1290,542,382375,80.47,85.42,768.0,399.0,535.0,1499.0,4586.0,18349.0,8824.0,9606.0,113689.0,115996.0
2023-09-01,1033.67,768,2023,35,1304720,347861,111824,60,6,0.5519249370362016,-1.7843278569734793,7518330,936,19611,3044,75646,12714,14118,11409,5076,44023,1457,397,380188,85.52,89.98,714.0,542.0,399.0,1290.0,4865.0,19704.0,8586.0,8332.0,117075.0,113689.0
2023-09-08,999.25,714,2023,36,1397929,341156,107132,80,8,0.812371336087414,-1.495411451784198,7947028,639,16240,2845,74584,10786,13457,11505,5212,50224,1507,325,397551,87.51,91.85,658.0,397.0,542.0,1457.0,5076.0,19611.0,10601.0,8824.0,111824.0,117075.0
2023-09-15,948.68,658,2023,37,1458061,359666,109038,108,6,0.7845341175712115,-1.5680925669200632,8329891,1720,17011,3541,83113,12291,15731,9780,5740,48602,1787,338,415202,90.83,95.55,623.0,325.0,397.0,1507.0,5212.0,16240.0,9655.0,8586.0,107132.0,111824.0
2023-09-22,911.71,623,2023,38,1535076,391474,123513,69,3,0.7029545116984437,-1.6850078389654872,8663475,750,19348,4045,82865,14021,18696,10235,5958,56236,2029,424,422832,90.0,93.99,562.0,338.0,325.0,1787.0,5740.0,17011.0,9658.0,10601.0,109038.0,107132.0
2023-10-13,891.55,562,2023,41,1683392,489902,193286,67,8,0.2594326570594728,-2.451689167640136,9317999,450,23782,10653,93663,16267,130986,9336,7306,34498,8517,677,444373,87.67,94.33,581.0,424.0,338.0,2029.0,5958.0,19348.0,11409.0,9655.0,123513.0,109038.0
2023-10-20,917.66,581,2023,42,1661550,477545,173126,53,4,0.3513379382732615,-2.3940488636603443,9165634,560,22477,9532,91653,19944,112559,9497,7028,33838,10171,1096,439843,89.12,93.72,769.0,677.0,424.0,8517.0,7306.0,23782.0,11505.0,9658.0,193286.0,123513.0
2023-10-27,1012.6,769,2023,43,1540793,433099,160900,95,8,0.3808877512344297,-2.1845508909484006,8622315,553,23287,7168,81756,15151,87552,10673,5225,34626,5459,755,420737,86.04,90.73,756.0,1096.0,677.0,10171.0,7028.0,22477.0,9780.0,11409.0,173126.0,193286.0
2023-11-03,1067.88,756,2023,44,1510860,432819,161571,80,9,0.3141769869683214,-2.223668878665781,8428857,624,22512,6411,85137,15262,86740,8323,6178,36733,6452,1236,408442,81.19,87.55,722.0,755.0,1096.0,5459.0,5225.0,23287.0,10235.0,11505.0,160900.0,173126.0
2023-11-10,1030.24,722,2023,45,1494440,412408,149682,74,3,0.4509103756729941,-1.9989389131113136,8397835,848,21393,5743,80139,16617,72323,8082,5704,34422,3819,1115,411588,76.34,83.66,707.0,1236.0,755.0,6452.0,6178.0,22512.0,9336.0,9780.0,161571.0,160900.0
2023-11-17,999.92,707,2023,46,1455289,399180,138594,88,6,0.4788056384715593,-1.9472131071363228,8286501,396,19335,4294,80726,15393,61493,9680,5636,34211,3286,1058,408716,76.47,81.22,779.0,1115.0,1236.0,3819.0,5704.0,21393.0,9497.0,10235.0,149682.0,161571.0
2023-11-24,993.21,779,2023,47,1357513,352755,125301,90,6,0.6600486772860894,-1.8616029920299515,7847946,360,18339,3907,72438,12188,52323,7444,6343,33754,3442,1358,386326,74.83,79.82,851.0,1058.0,1115.0,3286.0,5636.0,19335.0,10673.0,9336.0,138594.0,149682.0
2023-12-01,1010.81,851,2023,48,1416325,369798,127548,56,4,0.6390264601967351,-1.9014211059789887,8129676,810,21190,3598,78655,11549,48282,7008,6251,34157,2580,1409,402360,73.7,78.72,925.0,1358.0,1058.0,3442.0,6343.0,18339.0,8323.0,9497.0,125301.0,138594.0
2023-12-08,1032.21,925,2023,49,1413137,388450,134864,38,4,0.487318575466235,-1.959669794285957,8075172,440,21496,4556,78715,11269,50909,8288,5444,36020,3026,1569,403005,70.87,75.94,1029.0,1409.0,1358.0,2580.0,6251.0,21190.0,8082.0,10673.0,127548.0,125301.0
2023-12-15,1093.52,1029,2023,50,1397368,378671,124708,65,5,0.5703166529026733,-1.8868251720964155,7992270,450,18330,4996,77373,11587,47067,8368,6023,36702,2661,2520,397694,71.05,76.84,1497.0,1569.0,1409.0,3026.0,5444.0,21496.0,9680.0,8323.0,134864.0,127548.0
2023-12-22,1254.99,1497,2023,51,1256011,355369,121570,50,1,0.4532639167000397,-2.0406684371035286,7303143,340,19956,4362,75509,10731,43501,7561,5769,31756,2640,2831,371315,73.29,80.23,2694.0,2520.0,1569.0,2661.0,6023.0,18330.0,7444.0,8082.0,124708.0,134864.0
2023-12-29,1759.58,2694,2023,52,1002653,310349,124674,33,11,0.0427416346681296,-2.32760079256184,5774727,450,17905,6419,59455,9028,47061,6059,4092,40322,2604,2016,293440,71.89,77.69,2871.0,2831.0,2520.0,2640.0,5769.0,19956.0,7008.0,9680.0,121570.0,124708.0
2024-01-05,1896.65,2871,2024,1,1094487,334003,130525,31,5,0.1108484614253069,-2.4964336016706485,6229245,385,19233,8397,63836,9040,49735,5933,4526,33106,1844,2123,316244,74.0,78.31,3103.0,2016.0,2831.0,2604.0,4092.0,17905.0,8288.0,7444.0,124674.0,121570.0
2024-01-12,2206.03,3103,2024,2,1352558,390046,133971,56,8,0.3477336848673778,-2.190729866665961,7715500,520,18674,7320,76845,12629,54377,10298,6324,33859,2310,8942,388187,72.94,79.89,3030.0,2123.0,2016.0,1844.0,4526.0,19233.0,8368.0,7008.0,130525.0,124674.0
2024-01-19,2239.61,3030,2024,3,1348536,388297,139608,48,3,0.3168721487598402,-2.040447007104584,7750223,660,18079,9138,75952,12318,62122,8707,6500,36087,2431,6319,390430,73.69,80.71,2861.0,8942.0,2123.0,2310.0,6324.0,18674.0,7561.0,8288.0,133971.0,130525.0
2024-01-26,2179.09,2861,2024,4,1386631,382565,128009,40,7,0.5115725425799444,-1.959133338681752,7938003,510,18423,6421,75729,12867,46764,7424,6957,41199,3096,4536,399604,78.45,83.34,2723.0,6319.0,8942.0,2431.0,6500.0,18079.0,6059.0,8368.0,139608.0,133971.0
2024-02-02,2217.73,2723,2024,5,1409877,405406,139564,74,13,0.3988923131483278,-2.1318989590987414,8124804,430,19178,5040,80751,14964,51058,7619,5974,37144,2545,4161,405412,72.72,79.54,2648.0,4536.0,6319.0,3096.0,6957.0,18423.0,5933.0,7561.0,128009.0,139608.0
2024-02-09,2166.31,2648,2024,6,1386564,381143,124260,51,4,0.4894687648073204,-1.932430622975308,7928208,1240,17601,3937,78667,15157,43635,6987,5107,39368,4995,2799,402956,77.26,83.58,2508.0,4161.0,4536.0,2545.0,5974.0,19178.0,10298.0,6059.0,139564.0,128009.0
2024-02-23,2109.91,2508,2024,8,1442110,395552,127245,42,7,0.530316239108801,-2.0174931339640776,8205132,860,19134,4029,83132,15981,41297,7432,6529,59820,4474,3109,411631,77.6,84.18,2277.0,2799.0,4161.0,4995.0,5107.0,17601.0,8707.0,5933.0,124260.0,139564.0
2024-03-01,1979.12,2277,2024,9,1466982,394249,126105,40,9,0.5869066705931153,-1.8149111705367595,8367488,380,19881,3384,79418,17764,37372,6822,9420,49235,3220,1865,421766,80.9,84.82,2134.0,3109.0,2799.0,4474.0,6529.0,19134.0,7424.0,10298.0,127245.0,124260.0
2024-03-08,1885.74,2134,2024,10,1425796,379911,120682,55,2,0.5986382343617207,-1.743654000319535,8163541,560,17750,4553,77990,16452,34676,8722,8035,43712,2353,2710,414766,78.96,84.29,1971.0,1865.0,3109.0,3220.0,9420.0,19881.0,7619.0,8707.0,126105.0,127245.0
2024-03-15,1772.92,1971,2024,11,1382259,372835,120107,31,3,0.5725593720993988,-1.798849140896977,7966324,480,18080,3876,78430,15387,32255,8506,7003,49081,2536,1704,407665,81.94,85.39,1943.0,2710.0,1865.0,2353.0,8035.0,17750.0,6987.0,7424.0,120682.0,126105.0
2024-03-22,1732.57,1943,2024,12,1411941,395134,130392,53,10,0.4668008082490685,-2.006815720041261,8130701,425,19804,4956,80821,14026,34373,10875,6364,54409,3305,1190,410134,81.1,84.87,1994.0,1704.0,2710.0,2536.0,7003.0,18080.0,7432.0,7619.0,120107.0,120682.0
2024-03-29,1730.98,1994,2024,13,1308477,370836,121650,35,3,0.411685227870237,-2.0864078350892847,7484011,640,17427,4529,75846,13201,35326,12548,4629,50141,2237,818,382236,83.96,86.17,1971.0,1190.0,1704.0,3305.0,6364.0,19804.0,6822.0,6987.0,130392.0,120107.0
2024-04-12,1757.04,1971,2024,15,1398710,400515,137631,49,8,0.3505141165788479,-2.108543987318076,7978770,1110,19823,6879,81271,11171,72641,9315,7432,38724,2195,1189,397973,86.46,93.12,1971.0,818.0,1190.0,2237.0,4629.0,17427.0,8722.0,7432.0,121650.0,130392.0
2024-04-19,1769.54,1971,2024,16,1409653,408703,142174,58,8,0.2984489090577607,-2.1258581005048924,8040230,640,19652,9212,83784,14668,79070,9050,6081,38538,1956,945,403304,83.79,87.96,2300.0,1189.0,818.0,2195.0,7432.0,19823.0,8506.0,6822.0,137631.0,121650.0
2024-04-26,1940.63,2300,2024,17,1404610,392678,123656,64,1,0.4814143427713061,-1.9325091547565507,8097288,1080,17564,4823,88990,20967,43572,11402,6908,38139,3294,952,403097,85.38,89.95,2869.0,945.0,1189.0,1956.0,6081.0,19652.0,10875.0,8722.0,142174.0,137631.0
2024-05-10,2305.79,2869,2024,19,1361353,384878,122013,47,7,0.4297030233892327,-1.8905466732096925,7748729,340,16294,3972,82739,18479,53477,10189,7369,40964,8266,652,389850,79.81,83.39,3050.0,952.0,945.0,3294.0,6908.0,17564.0,12548.0,8506.0,123656.0,142174.0
2024-05-17,2520.76,3050,2024,20,1385725,386137,129522,40,6,0.44146599495858,-1.873139479196584,7976324,800,20445,3497,80791,15428,40297,10254,5242,44247,4762,766,402567,81.66,82.24,3409.0,652.0,952.0,8266.0,7369.0,16294.0,9315.0,10875.0,122013.0,123656.0
2024-05-24,2703.43,3409,2024,21,1390163,378530,118844,62,11,0.5365720439203772,-1.8933452970282272,7933994,650,16770,3685,82522,12374,46478,12129,6357,39837,3898,627,399547,78.48,78.92,3740.0,766.0,652.0,4762.0,5242.0,20445.0,9050.0,12548.0,129522.0,122013.0
2024-05-31,3044.77,3740,2024,22,1355364,370767,121610,53,3,0.5405501560100928,-1.7861264977699989,7779882,1040,17573,4624,79182,12022,46561,10764,6479,40894,6592,1664,391133,77.97,79.41,3949.0,627.0,766.0,3898.0,6357.0,16770.0,11402.0,9315.0,118844.0,129522.0
2024-06-07,3184.87,3949,2024,23,1341158,349845,115197,61,4,0.6285727706951754,-1.6434283899813151,7691902,870,16954,3492,74716,10907,35716,9121,6986,37026,2489,1192,388407,76.53,78.12,4179.0,1664.0,627.0,6592.0,6479.0,17573.0,10189.0,9050.0,121610.0,118844.0
2024-06-14,3379.22,4179,2024,24,1352076,347744,115264,31,2,0.6851100605440219,-1.662390784914609,7728038,240,18021,4210,74895,11085,31626,9583,5907,39453,2059,1367,385371,79.41,81.49,4336.0,1192.0,1664.0,2489.0,6986.0,16954.0,10254.0,11402.0,115197.0,121610.0
2024-06-21,3475.6,4336,2024,25,1246996,335526,108895,46,5,0.5608377740087188,-1.80275581748194,7214852,412,17646,3119,71757,11486,28640,12145,5070,38628,1692,1175,363519,81.71,86.42,4880.0,1367.0,1192.0,2059.0,5907.0,18021.0,12129.0,10189.0,115264.0,115197.0
2024-06-28,3714.32,4880,2024,26,1270036,346224,108335,57,1,0.5564684057897978,-1.9659026686413927,7426353,555,16232,3488,76825,11622,28330,7791,4717,36305,1869,1058,374885,82.83,87.26,4857.0,1175.0,1367.0,1692.0,5070.0,17646.0,10764.0,10254.0,108895.0,115264.0
2024-07-05,3733.8,4857,2024,27,1197882,311409,101994,30,1,0.6277917190507907,-1.700144921027178,7007594,520,14870,3435,66207,10396,25680,7982,4841,30856,1847,582,359075,84.44,88.66,5051.0,1058.0,1175.0,1869.0,4717.0,16232.0,9121.0,12129.0,108335.0,108895.0
2024-07-12,3674.86,5051,2024,28,1280247,336240,113179,62,4,0.6204521471247321,-1.7311086277272338,7329352,770,19145,4953,66628,9609,24891,9530,5356,41050,1754,825,372953,83.49,87.35,5000.0,582.0,1058.0,1847.0,4841.0,14870.0,9583.0,10764.0,101994.0,108335.0
2024-07-19,3542.44,5000,2024,29,1242692,349507,121351,32,2,0.3827433507256826,-1.8966078090891176,7133718,350,22970,2579,70023,11141,31047,7585,6860,32169,1834,3039,368423,81.43,85.19,4991.0,825.0,582.0,1754.0,5356.0,19145.0,12145.0,9121.0,113179.0,101994.0
2024-07-26,3447.87,4991,2024,30,1232516,327112,104140,51,5,0.5750927371328238,-1.7712517669087495,6982556,310,16711,2684,69647,13530,31455,7763,4923,29599,1693,1462,357636,78.58,81.35,4907.0,3039.0,825.0,1834.0,6860.0,22970.0,7791.0,9583.0,121351.0,113179.0
2024-08-02,3332.67,4907,2024,31,1265086,379124,132388,34,1,0.226979531019656,-2.428125043930328,7124633,970,17089,4401,82303,15582,56583,7033,7227,33376,1861,1215,361027,74.99,78.35,4786.0,1462.0,3039.0,1693.0,4923.0,16711.0,7982.0,12145.0,104140.0,121351.0
2024-08-09,3253.89,4786,2024,32,1227826,366825,129667,45,2,0.1814352359373396,-2.395444772035439,7009460,288,16248,4152,78663,16090,45605,5955,4497,40459,1986,1183,354343,78.28,81.07,4610.0,1215.0,1462.0,1861.0,7227.0,17089.0,9530.0,7791.0,132388.0,104140.0
2024-08-16,3281.36,4610,2024,33,1211687,352390,124594,39,5,0.2810876589212547,-2.204370640459188,6890763,700,16521,3573,74016,12950,38251,6242,5783,47605,1648,790,349978,78.05,81.56,4400.0,1183.0,1215.0,1986.0,4497.0,16248.0,7585.0,7982.0,129667.0,132388.0
2024-08-23,3097.63,4400,2024,34,1258686,352049,122082,43,6,0.3916402502292066,-2.016949930294155,7135651,720,16891,3497,73260,13424,34819,8071,6693,44621,2430,903,362171,75.82,80.34,3876.0,790.0,1183.0,1648.0,5783.0,16521.0,7763.0,9530.0,124594.0,129667.0
2024-08-30,2963.38,3876,2024,35,1246460,355492,125853,61,4,0.3422627495372895,-2.104561195200447,7177771,790,17787,4282,73402,11087,34049,9309,6231,44987,2121,769,363056,74.52,80.2,3459.0,903.0,790.0,2430.0,6693.0,16891.0,7033.0,7585.0,122082.0,124594.0
2024-09-06,2726.58,3459,2024,36,1281280,351716,120909,33,1,0.4729683175704257,-1.965942144057748,7352400,580,22252,3772,73491,12890,36212,8309,6400,38160,2390,706,372197,68.58,72.82,2841.0,769.0,903.0,2121.0,6231.0,17787.0,5955.0,7763.0,125853.0,122082.0
2024-09-13,2510.95,2841,2024,37,1342398,367030,123009,47,2,0.4766277214358195,-1.9533694295519404,7668011,808,19326,4454,77257,11413,35637,7964,6777,41584,1862,1118,385923,69.59,73.68,2592.0,706.0,769.0,2390.0,6400.0,22252.0,6242.0,7033.0,120909.0,125853.0
2024-09-20,2366.24,2592,2024,38,1278845,350157,119253,45,4,0.4633902885503342,-1.9124494959468208,7402259,495,17691,4577,70504,10126,41765,7992,5091,32804,1831,1149,378091,72.72,75.96,2250.0,1118.0,706.0,1862.0,6777.0,19326.0,8071.0,5955.0,123009.0,120909.0
2024-09-27,2135.08,2250,2024,39,1396918,382770,133756,61,2,0.4411514069912529,-1.9357024072347908,7933921,1040,16717,6298,73614,11514,61950,9066,4938,35392,2110,1523,398210,68.72,71.63,2040.0,1149.0,1118.0,1831.0,5091.0,17691.0,9309.0,6242.0,119253.0,123009.0
2024-10-11,2062.57,2040,2024,41,1346152,375299,134852,29,0,0.3931338362978342,-1.9384712939703967,7659207,820,17840,7236,75296,11962,65755,9368,6149,33877,2129,867,387088,76.11,80.27,1950.0,1523.0,1149.0,2110.0,4938.0,16717.0,8309.0,8071.0,133756.0,119253.0
2024-10-18,2062.15,1950,2024,42,1347176,373327,128717,52,2,0.4401541154358892,-1.869226732280664,7732769,688,17810,4850,75885,10683,55138,9309,6706,33409,1897,1090,390012,69.78,72.75,2226.0,867.0,1523.0,2129.0,6149.0,17840.0,7964.0,9309.0,134852.0,133756.0
2024-10-25,2185.33,2226,2024,43,1364033,377747,131624,37,1,0.4509825642048256,-1.8922896233955009,7811098,783,17248,5073,72226,10945,53079,7713,5109,38510,1846,664,392393,72.02,75.62,2442.0,1090.0,867.0,1897.0,6706.0,17810.0,7992.0,8309.0,128717.0,134852.0
2024-11-01,2303.44,2442,2024,44,1254609,347597,116831,39,3,0.4514602967620152,-1.8120785934428336,7178773,432,15030,4181,67769,11007,47291,7012,5544,36340,1681,619,367148,69.81,73.63,2541.0,664.0,1090.0,1846.0,5109.0,17248.0,9066.0,7964.0,131624.0,128717.0
2024-11-08,2331.58,2541,2024,45,1271969,332958,109701,41,5,0.5822873041717211,-1.3890918842445126,7186961,350,14770,2911,66416,11457,34525,6862,6024,32891,1428,702,375418,70.69,74.04,2512.0,619.0,664.0,1681.0,5544.0,15030.0,9368.0,7992.0,116831.0,131624.0
2024-11-15,2251.9,2512,2024,46,1283509,334321,109898,46,8,0.613604455296666,-1.514920641829774,7382902,648,14157,3844,67565,11162,33507,7394,5920,36529,1341,789,380022,67.33,73.45,2481.0,702.0,619.0,1428.0,6024.0,14770.0,9309.0,9066.0,109701.0,116831.0
2024-11-22,2160.08,2481,2024,47,1330780,373703,122727,27,3,0.4305573130905376,-1.8647187201510125,7650929,464,16276,10059,77759,11441,36983,7524,6539,58564,1293,602,389066,71.68,76.1,3039.0,789.0,702.0,1341.0,5920.0,14157.0,7713.0,9368.0,109898.0,109701.0
2024-11-29,2233.83,3039,2024,48,1257742,340450,112639,46,5,0.5445632729128858,-1.8179554936382347,7375003,518,15436,4766,71490,12037,32192,8218,5227,41938,1297,418,371050,68.26,74.16,3030.0,602.0,789.0,1293.0,6539.0,16276.0,7012.0,9309.0,122727.0,109898.0
2024-12-06,2256.46,3030,2024,49,1377979,366749,118072,54,4,0.5992663147009187,-1.8548762048441327,7886230,730,16975,2384,78372,13733,28377,8409,5644,36621,1580,541,393429,68.58,73.78,2963.0,418.0,602.0,1297.0,5227.0,15436.0,6862.0,7713.0,112639.0,122727.0
2024-12-13,2384.4,2963,2024,50,1364115,365356,121098,64,5,0.571841157087196,-1.8518501194330488,7804283,1170,16586,3223,78511,11246,32989,7559,5240,34660,2063,546,388728,71.54,74.89,2946.0,541.0,418.0,1580.0,5644.0,16975.0,7394.0,7012.0,118072.0,112639.0
2024-12-20,2390.17,2946,2024,51,1281508,350415,114766,58,3,0.5430522261342897,-1.905299631986564,7438407,330,16883,3406,76291,10492,29688,7437,7409,39016,1782,3067,375318,69.71,73.19,2962.0,546.0,541.0,2063.0,5240.0,16586.0,7524.0,6862.0,121098.0,118072.0
2024-12-27,2460.34,2962,2024,52,949350,271623,97640,17,0,0.3367890662031903,-2.0835773440312715,5522300,214,13304,3388,55749,8197,27486,6163,3958,37489,1453,3575,282341,71.28,73.77,2851.0,3067.0,546.0,1782.0,7409.0,16883.0,8218.0,7394.0,114766.0,121098.0
2025-01-03,2505.17,2851,2025,1,919021,260780,95129,32,2,0.345633560060108,-2.0768659745865943,5350231,580,14550,2611,54662,7841,24788,5559,4165,26301,1413,2015,272569,74.64,76.72,2440.0,3575.0,3067.0,1453.0,3958.0,13304.0,8409.0,7524.0,97640.0,114766.0
2025-01-10,2290.68,2440,2025,2,1215343,331720,106566,33,1,0.5171675814975705,-1.897714304179129,6944406,550,14244,2075,75535,9368,23897,7224,5252,29431,1493,1639,356623,77.27,79.76,2279.0,2015.0,3575.0,1413.0,4165.0,14550.0,7559.0,8218.0,95129.0,97640.0
2025-01-17,2130.82,2279,2025,3,1331295,341692,108486,43,3,0.7486108513366434,-1.7296232333106227,7578600,468,14073,2954,78561,10083,29398,8990,5079,34642,1922,1235,384748,78.56,83.02,2147.0,1639.0,2015.0,1493.0,5252.0,14244.0,7437.0,8409.0,106566.0,95129.0
2025-01-24,2045.45,2147,2025,4,1339913,352906,108689,40,1,0.681197062794376,-1.8023026911869384,7567102,456,14829,1287,80557,10691,27368,8795,5209,29354,2329,926,384383,74.97,78.71,1805.0,1235.0,1639.0,1922.0,5079.0,14073.0,6163.0,7559.0,108486.0,106566.0
2025-02-07,1896.65,1805,2025,6,1328380,351184,100618,43,3,0.7061876306106107,-1.8834239553041896,7482029,1748,14274,1271,77023,12285,30057,9197,4815,29172,3860,438,378945,71.32,74.68,1608.0,926.0,1235.0,2329.0,5209.0,14829.0,5559.0,7437.0,108689.0,108486.0
2025-02-14,1758.82,1608,2025,7,1371168,340967,94805,40,0,0.8514153416868901,-1.699055179988067,7703202,480,13226,1349,74611,10459,26883,7165,7791,37083,3883,629,384022,71.05,75.19,1578.0,438.0,926.0,3860.0,4815.0,14274.0,7224.0,6163.0,100618.0,108689.0
2025-02-21,1595.08,1578,2025,8,1372068,341474,97175,70,3,0.8604193694153345,-1.7273556133787733,7743692,1664,13904,1286,70654,11773,22987,7629,7472,45866,2208,366,381944,70.72,74.88,1693.0,629.0,438.0,3883.0,7791.0,13226.0,8990.0,5559.0,94805.0,100618.0
2025-02-28,1515.29,1693,2025,9,1391810,347822,98788,58,5,0.8590032109290856,-1.5783113143475052,7818991,650,13635,1162,74721,12024,22023,7885,5659,48504,2298,259,390767,69.97,74.76,1582.0,366.0,629.0,2208.0,7472.0,13904.0,8795.0,7224.0,97175.0,94805.0
2025-03-07,1436.3,1582,2025,10,1360970,357827,105258,45,3,0.7101418851399036,-1.6653602246898294,7649744,1200,13929,2122,77485,14408,22894,7995,5100,50907,2592,584,385787,67.29,72.49,1342.0,259.0,366.0,2298.0,5659.0,13635.0,9197.0,8990.0,98788.0,97175.0
2025-03-14,1319.34,1342,2025,11,1374805,366363,109425,51,2,0.6540039453183549,-1.89282046255198,7749461,436,14303,2044,81635,15594,25685,6831,5471,46919,1604,2217,385498,67.43,71.94,1306.0,584.0,259.0,2592.0,5100.0,13929.0,7165.0,8795.0,105258.0,98788.0
2025-03-21,1292.75,1306,2025,12,1376071,387363,118650,47,4,0.484356475792309,-2.072279100400131,7794519,496,15455,2993,84075,17453,37289,7429,5515,42456,2300,4292,388961,68.52,72.64,1318.0,2217.0,584.0,1604.0,5471.0,14303.0,7629.0,9197.0,109425.0,105258.0
2025-03-28,1356.88,1318,2025,13,1353205,373264,109597,41,5,0.540932456399645,-1.9428766835635904,7693937,1025,14333,2591,83150,17227,31165,7572,5131,38960,1818,4257,382152,69.74,74.69,1356.0,4292.0,2217.0,2300.0,5515.0,15455.0,7885.0,7165.0,118650.0,109425.0
2025-04-11,1394.68,1356,2025,15,1301362,342005,101497,67,7,0.6808010469152334,-1.7736493865653893,7379276,1170,14250,2560,75850,13175,28635,14211,4805,34761,1934,1469,371995,61.91,66.83,1316.0,4257.0,4292.0,1818.0,5131.0,14333.0,7995.0,7629.0,109597.0,118650.0
2025-04-18,1370.58,1316,2025,16,1279459,341510,103354,57,1,0.630520206275488,-1.8659885323548384,7176111,1010,15704,2928,75443,12123,25606,10429,4960,39882,1593,2022,357594,65.07,69.33,1260.0,1469.0,4257.0,1934.0,4805.0,14250.0,6831.0,7885.0,101497.0,109597.0
2025-04-25,1347.84,1260,2025,17,1406787,358647,114774,53,1,0.6677433755074516,-1.9318909041782448,7703130,1080,17498,2556,75911,11190,23038,9063,4234,41854,1724,2115,378344,63.85,66.99,1161.0,2022.0,1469.0,1593.0,4960.0,15704.0,7429.0,7995.0,103354.0,101497.0
2025-05-09,1345.17,1161,2025,19,1400975,372103,127968,53,7,0.5520431842109967,-1.7519073010643067,7789713,630,18364,6364,77570,10203,27962,8208,6876,35514,1380,4090,394444,62.37,64.26,1154.0,2115.0,2022.0,1724.0,4234.0,17498.0,7572.0,6831.0,114774.0,103354.0
2025-05-16,1479.39,1154,2025,20,1427820,350008,107444,37,1,0.8398000577106762,-1.629957946145708,7873764,560,14732,2308,77515,9884,26084,7534,6281,39090,1445,1749,393186,63.84,65.2,1317.0,4090.0,2115.0,1380.0,6876.0,18364.0,14211.0,7429.0,127968.0,114774.0
2025-05-23,1586.12,1317,2025,21,1354024,358905,114490,25,1,0.6120694022757468,-1.8238876990468784,7633843,545,20769,2580,77935,10350,36908,7647,5447,36193,1503,1113,385506,62.89,65.41,1587.0,1749.0,4090.0,1445.0,6281.0,14732.0,10429.0,7572.0,107444.0,127968.0
2025-05-30,2072.71,1587,2025,22,1262655,335354,103647,47,1,0.6147921992758106,-1.7489632141275169,7180247,810,16209,2589,72664,10028,28373,9644,6837,41084,1425,1289,364968,61.46,64.32,1667.0,1113.0,1749.0,1503.0,5447.0,20769.0,9063.0,14211.0,114490.0,107444.0
2025-06-06,2240.35,1667,2025,23,1257712,349866,109738,65,7,0.4688303840624863,-1.9835005196182205,7131055,490,17113,2721,78542,10454,28615,8685,6470,42107,2351,1580,363986,65.3,68.02,1844.0,1289.0,1113.0,1425.0,6837.0,16209.0,8208.0,10429.0,103647.0,114490.0
2025-06-13,2088.24,1844,2025,24,1151909,346769,110194,50,6,0.2466627543171837,-2.2898983360126026,6554298,530,14886,4020,74978,17306,57721,6750,3745,25373,1990,1260,329327,73.84,76.0,1835.0,1580.0,1289.0,2351.0,6470.0,17113.0,7534.0,9063.0,109738.0,103647.0
2025-06-20,1869.59,1835,2025,25,5627,1778,551,1,0,0.2662697707481784,-2.7369280373414635,27432,160,125,15,432,54,342,31,15,71,2,6,2318,75.72,78.73,2030.0,1260.0,1580.0,1990.0,3745.0,14886.0,7647.0,8208.0,110194.0,109738.0
2025-06-27,1861.51,2030,2025,26,10548,2185,624,0,0,1.2771141448615857,-2.0526902952312174,49568,40,77,24,634,75,314,51,25,147,6,6,3915,66.66,69.37,2101.0,6.0,1260.0,2.0,15.0,125.0,9644.0,7534.0,551.0,110194.0
2025-07-04,1763.49,2101,2025,27,844860,224744,71910,47,1,0.6054781857349126,-1.8408734681944547,4848552,760,9539,2205,49439,6687,23541,5902,3534,25027,1139,876,247018,68.66,71.03,2099.0,6.0,6.0,6.0,25.0,77.0,8685.0,7647.0,624.0,551.0
