iso_year,week,global_total_events,global_disruption_events,extreme_crisis_events,high_velocity_media_events,black_swan_candidate_events,global_avg_impact,global_worst_event_impact,global_avg_sentiment,global_total_media_mentions,global_peak_event_media,maritime_conflict_events,infrastructure_attack_events,trade_restriction_events,protest_events,middle_east_disruption,asia_disruption,europe_disruption,russia_ukraine_disruption,egypt_disruption,yemen_disruption,unique_sources
2018,1,1472667,428017,130616,218,23,0.37396643090345116,-10,-2.220816979803498,8890512,810,21190,2289,94104,19194,44959,7733,6521,16525,5178,3215,447836
2018,2,1839672,501432,146603,245,33,0.56631408550768048,-10,-1.9671700884891949,11070095,1180,22374,2674,111365,19339,36202,9490,7895,22687,5479,2988,555780
2018,3,1945383,530159,160491,283,25,0.54665179041864764,-10,-1.9456202185915468,11624467,1070,25258,3037,112691,20796,30938,10294,8486,23080,5298,2826,569161
2018,4,1964751,527932,157314,287,23,0.58164543657872858,-10,-1.8492130164283318,11704774,854,25675,3168,113725,21328,24935,9130,9574,24938,4537,2781,568662
2018,5,1872867,507981,154738,315,28,0.54977144642032361,-10,-1.9624962674125193,11366976,722,26230,3465,110930,17497,27902,9456,8531,27423,4154,3544,559647
2018,6,1935638,530535,167041,247,9,0.513290755687769,-10,-1.9398356254054179,11673845,716,27520,3284,114032,18012,40372,9582,8168,26649,4956,2444,573751
2018,7,1910197,520605,162253,187,23,0.52833575979733982,-10,-1.9704214696908104,11358169,1850,33841,2138,113364,16039,36802,7960,9230,31489,4584,1971,559540
2018,8,1942470,539574,166064,234,19,0.48667106657207915,-10,-2.0099751992009254,11636026,1660,34021,2634,119538,20090,30166,8165,9705,31105,4302,2273,575130
2018,9,1917019,523433,158193,252,22,0.53527610866257347,-10,-1.866993628893971,11485008,900,31012,1945,115643,19759,24475,9387,8873,29815,3992,2951,570200
2018,10,2020674,525249,151178,299,22,0.6720648240114302,-10,-1.6785815649878666,11956931,600,26460,1668,115991,24357,23176,10953,8914,27977,4187,2071,593623
2018,11,2032604,544408,155026,277,29,0.58678691015144147,-10,-1.8689234749256245,12000563,534,25545,1801,118608,24978,23755,9090,9102,49264,3906,1605,591424
2018,12,1986061,542478,157705,226,27,0.55363190938390738,-10,-1.8670217824804787,11843511,976,28383,2442,118813,25339,26209,11163,11668,36625,4357,2348,589085
2018,13,1932283,545783,151049,289,27,0.4654312426090621,-10,-1.9594075596705451,11366624,660,27860,3542,139717,23310,31962,10541,12679,57652,4111,4233,557245
2018,14,1916233,529850,158058,418,34,0.52841503534018852,-10,-2.0226442523823316,11368712,1480,30429,2233,116991,22419,31038,11421,10407,35142,3662,2765,555715
2018,15,2136845,629315,205721,173,20,0.29195397672816559,-10,-2.208383776841949,12217566,580,27370,14563,126062,21032,41553,11826,10238,59011,3732,2871,597240
2018,16,2018430,550994,171107,158,9,0.52426649491559052,-10,-1.8557651858108466,11855499,560,27749,7294,116395,22763,30347,10933,10380,33280,3398,2734,583566
2018,17,1917697,503021,154930,177,19,0.63596628866038551,-10,-1.7530982062088223,11275779,680,26601,3084,111806,19475,33025,10355,8786,22327,3167,4228,556051
2018,18,1821627,482298,145999,198,26,0.62850471419748755,-10,-1.7558360629002114,10701965,840,23607,3184,105490,19970,35968,10697,7660,20382,3038,2581,532484
2018,19,1987923,519136,164365,210,29,0.71179456274812369,-10,-1.6682956427013087,11468921,760,25570,7755,108733,18690,66808,11276,9594,21005,3315,3062,565177
2018,20,2013374,543261,163349,208,13,0.59302412673689064,-10,-1.8449934572986411,11664833,1260,30289,2958,111538,26036,65212,10920,8573,24029,4658,1875,576766
2018,21,1885201,497298,145739,195,12,0.64285444515170886,-10,-1.7830281221291402,11112326,670,27240,3396,112407,17885,34319,13810,9138,28007,3043,2653,555063
2018,22,1801678,473828,146296,228,13,0.647813270295277,-10,-1.7854784961693793,10690674,690,29304,2717,101381,16564,31882,11686,8876,32522,2890,1870,534234
2018,23,1843967,465738,134048,198,19,0.77867695029249429,-10,-1.677995533909729,10810324,3312,23150,1668,104231,17030,26818,12732,9854,24087,2543,2135,540636
2018,24,1828403,460165,131312,181,14,0.8202479223581336,-10,-1.6002238026714348,10707626,980,22313,1690,100531,16470,23501,12670,9118,17873,2066,4669,532365
2018,25,1844970,483183,135272,199,9,0.73448941606512008,-10,-1.7991479494316942,10989196,870,21658,2292,107575,19177,25838,10492,10583,18471,2272,3706,538590
2018,26,1849829,481404,139557,207,23,0.74012344978243838,-10,-1.743210838519784,10958235,530,25123,2113,108890,19129,23337,9071,8914,19750,2863,2979,533013
2018,27,1697928,449956,132485,168,15,0.66976263983236006,-10,-1.8278149038052329,10149870,640,23051,1503,104291,16718,27214,10887,9338,20892,2882,2118,504592
2018,28,1783758,457930,131340,185,17,0.74792171337623536,-10,-1.7011385304025906,10430691,740,21340,2387,102426,17326,26980,10427,11953,27044,2739,2175,513987
2018,29,1709568,460865,134109,258,39,0.61947159564847554,-10,-1.9434800926950839,10068765,812,24260,1884,101564,17287,26179,8923,8295,39395,2558,2010,484890
2018,30,1681275,460915,144055,229,20,0.53956281936366079,-10,-2.0378755308934124,9887349,540,25955,2341,100785,16867,35489,10467,7307,25278,3658,2594,479380
2018,31,1652203,457528,137505,413,45,0.52610841940569963,-10,-2.0799111043785676,9875203,982,23821,1411,101171,17739,27493,11265,6551,26428,3606,2889,475336
2018,32,1648923,472941,142794,306,28,0.4130863231691046,-10,-2.2129680828354905,9759886,1220,24125,3107,113378,17460,30984,10126,7848,27958,3745,3467,475025
2018,33,1615482,431407,127165,236,34,0.61679746354338816,-10,-2.02694453684389,9554156,34810,21115,1441,97813,14013,23106,11302,6899,22329,3514,2655,464121
2018,34,1669329,448712,129308,255,21,0.61226751858683148,-10,-2.088693034937513,9742568,1000,22343,1774,104818,14558,22050,12234,8461,30022,3478,2284,470231
2018,35,1787015,471472,137106,218,18,0.6721467363172664,-10,-1.9328121384095012,10339260,975,21170,1931,104694,16134,24330,11509,12186,29149,3031,2744,493722
2018,36,1752284,464086,136796,206,28,0.6381529478098299,-10,-1.9851329222117104,10222758,760,21275,2260,101065,17602,27780,11008,8902,33981,2946,2787,496971
2018,37,1746457,462297,134100,262,35,0.65091797331281176,-10,-2.0177469045861631,10312842,780,20695,2472,105607,16229,26277,11344,9170,30406,3082,2406,505202
2018,38,1784930,475292,143684,242,39,0.631817356724832,-10,-1.878318606052521,10447166,960,25850,2679,100343,15255,36028,14404,7594,36783,2368,2021,512200
2018,39,1804934,475404,134640,252,30,0.68911755222074611,-10,-1.7950639254432332,10553868,1320,20964,1486,99120,16227,34170,13808,9864,28331,2233,1879,510797
2018,40,1738667,464525,134983,286,39,0.63470845126398823,-10,-1.7147658080032662,10220655,960,21917,2709,97921,19191,26618,12308,10086,27720,2384,1794,505515
2018,41,1715652,444982,130528,237,37,0.67153459532270876,-10,-1.79256333102746,10002045,730,19045,1144,97278,16132,22474,11162,8833,22354,3350,1854,497537
2018,42,1831239,482202,146710,230,34,0.62495414306925512,-10,-1.8811295910548034,10569662,822,21469,2001,102699,15958,24802,9717,7851,23606,3183,2211,514387
2018,43,1825839,480870,143830,236,37,0.63609389222921209,-10,-1.8517529736168232,10560225,958,24619,2324,101220,17219,23226,10532,7915,24230,2554,1971,518172
2018,44,1809935,485092,151840,260,29,0.57955069079867028,-10,-1.9167899306556029,10477883,780,29794,1617,102406,17699,27353,10741,7856,20972,3862,2768,506866
2018,45,1792920,471347,143867,220,29,0.63020199473707117,-10,-1.7532891415326368,10318378,1216,25194,1250,101934,16174,26636,9915,9974,24635,3422,3323,510316
2018,46,1785125,464506,142417,172,25,0.66066955685356876,-10,-1.7993491900013121,10427723,1236,22110,3770,98585,16892,28189,9773,7571,20494,2683,2877,513681
2018,47,1653832,449968,137624,220,27,0.579529624888668,-10,-1.8561090515979959,9877513,830,23336,1896,95274,16260,21098,12690,7028,25737,2317,2640,484171
2018,48,1864978,491346,139081,170,25,0.65931762161141894,-10,-1.8347114832954423,10761097,850,23734,1783,113944,19478,21285,12823,8533,65877,2807,2814,522364
2018,49,1722357,450098,123175,198,26,0.7011387882999871,-10,-1.8236136948040877,10106466,800,20369,1346,105007,18156,25213,15883,7222,34469,2701,2477,496529
2018,50,1637859,453169,126354,135,13,0.56080909877418372,-10,-1.9880573184777635,9672872,480,23557,984,107456,17447,25700,17295,7272,25743,2554,2761,481625
2018,51,1589978,439894,120699,106,14,0.65663550061698983,-10,-1.9911220151433744,9348917,480,19228,1130,105354,16399,22230,13821,6493,26302,2222,2653,461833
2018,52,1169604,328319,100588,78,13,0.53378308708168476,-10,-2.0771151744878975,6826103,1024,17039,1752,75867,11695,21157,9305,4819,21904,3861,1616,335650
2018,53,0,0,0,0,0,0,0,0,0,0,0,0,0,0,0,0,0,0,0,0,0
2019,1,1198846,333873,101735,62,7,0.51521880208133519,-10,-2.0865839283924772,6876718,630,17255,1110,75240,12130,18070,9804,5192,17027,2538,1922,345706
2019,2,1571690,423644,117388,104,8,0.63031486669368619,-10,-2.0343749263585735,9015515,648,19232,1492,97901,17496,25170,11890,8023,19481,3530,1759,456541
2019,3,1685424,450061,126114,106,15,0.64018183155868669,-10,-1.96636695944851,9701462,840,19689,2279,102224,18203,22278,15453,7801,23860,2771,1708,484302
2019,4,1675073,446135,125346,93,15,0.65060651160458316,-10,-1.8853441658550265,9652486,850,20805,2569,99899,19750,27495,12037,7237,24988,2585,1191,479058
2019,5,1675662,440146,116397,140,18,0.71758079512645134,-10,-1.918063654079694,9694096,680,19446,1419,103528,17517,21274,13276,6755,23802,2580,1489,484873
2019,6,1689023,433841,119040,91,12,0.76027537813280255,-10,-1.7673180468272043,9689283,440,20263,1152,95862,17129,18803,8822,7155,23223,2402,1261,483980
2019,7,1759684,468392,132752,100,15,0.66287158702538307,-10,-1.9309992790011805,10063296,720,21404,1818,102748,18956,26488,10841,8559,24030,2685,1307,497710
2019,8,1759796,473429,132633,89,8,0.63970035112084211,-10,-1.9105702298034384,10005712,320,20971,1599,107571,19136,22414,11161,8399,22916,3779,1160,497094
2019,9,1796801,476656,138304,81,9,0.63888830760599979,-10,-1.8907186436246406,10059529,1070,23092,1979,105983,18279,20574,11402,6751,23222,3090,1240,502833
2019,10,1655793,446988,124603,71,12,0.600700933027256,-10,-1.9011622281674752,9476619,480,19914,1508,102025,20040,23241,11396,8244,20479,3922,1301,476892
2019,11,1725649,486877,140818,113,11,0.47737170739056961,-10,-2.0906369796393265,10078870,1240,27927,1860,111111,22460,22515,13230,7628,21518,2761,1602,498253
2019,12,1736332,476281,142234,140,21,0.53410722749804629,-10,-2.0056779528576185,10028604,1200,28512,1323,105175,20641,23127,10671,11105,22099,2630,1313,491951
2019,13,1743206,466001,132938,134,10,0.64134760894581566,-10,-1.8896161017598696,10061607,1120,22363,4323,102448,19653,32186,11391,6799,25085,3102,1410,493589
2019,14,1651307,436232,122043,91,21,0.6628894497924066,-10,-1.8581658996803974,9594633,580,20973,1293,99394,17496,19758,9915,6888,18848,2882,1291,475919
2019,15,1709996,459503,124643,128,8,0.6380289243149041,-10,-1.9968406235453136,9830638,790,20574,1214,110519,17499,21711,9035,6836,20121,3194,1228,486992
2019,16,1551976,414937,120713,146,34,0.60076966396387577,-10,-1.9229493654801588,8919622,1200,21793,1552,94682,14987,17190,8621,6582,20766,2504,2126,446387
2019,17,1589377,426965,127876,114,14,0.59610108194221123,-10,-1.9549497918593535,9189402,580,21074,2789,96749,14573,18733,10448,5541,21312,2350,1083,453207
2019,18,1600531,440892,135626,143,14,0.50363844705276639,-10,-1.9731994379169659,9187993,780,25139,4553,97711,17925,21731,11342,6641,19783,2013,1143,450506
2019,19,1596638,426977,127740,110,17,0.61903118564578463,-10,-1.8903807882063712,9212012,480,22320,4190,95811,14539,26329,13184,7771,19461,2352,1171,460195
2019,20,1637705,444679,126384,139,14,0.58092660155522524,-10,-2.0223923032265438,9492083,696,20331,2380,105115,15493,31271,12891,7353,19342,2532,2663,472152
2019,21,1607412,431367,121470,110,11,0.63223651508298706,-10,-1.8593727274436243,9370020,460,19602,2425,99637,14946,25307,14657,6977,20584,2452,2284,467701
2019,22,1558964,405060,116557,110,19,0.68598466795427948,-10,-1.7423198069305843,8977840,740,19673,2040,92466,13663,23530,13617,7012,20223,2279,1191,445427
2019,23,1574823,408777,118476,102,17,0.68014390343953557,-10,-1.8435729833615861,9040117,750,20912,1607,91707,15304,17724,15156,8916,21335,2478,1133,443939
2019,24,1611936,426787,122984,100,8,0.65630055816775557,-10,-1.9322133559295191,9369848,690,19929,2621,93705,17835,29759,14027,6246,19396,2064,2242,458191
2019,25,1626587,439850,128688,131,12,0.578738470448136,-10,-2.0096126555606251,9438246,820,24740,2605,96698,17875,42179,12896,8642,25406,5180,2083,458470
2019,26,1671274,437359,122103,96,6,0.69097506146526988,-10,-1.868372459237706,9541588,610,21286,1532,99941,17266,31703,12315,7472,23610,2548,1584,465335
2019,27,1495736,394479,113359,69,11,0.67290957981665078,-10,-1.8635485010334387,8744302,780,18539,2150,88605,16090,24810,12158,7687,19255,2407,1173,430083
2019,28,1551186,410784,113363,64,3,0.67354681616309819,-10,-2.0037836303908327,8976168,1440,17894,1394,94577,14932,24935,11087,7394,21330,2678,1234,442590
2019,29,1562926,429721,117408,99,14,0.58335560996926894,-10,-2.0926937852577576,8990391,1440,19231,1319,100772,14744,31766,10271,7201,21803,4227,1088,447201
2019,30,1533226,415912,119127,110,15,0.58342631810313661,-10,-1.9952650790914126,8821781,450,20430,2418,93369,15232,27150,12110,5817,24083,2870,1069,437656
2019,31,1504038,415829,130034,128,16,0.49307091053671553,-10,-2.1591055371627843,8685847,720,26887,2758,90138,15357,21313,12477,6731,21078,1867,1932,428113
2019,32,1483263,426900,136379,59,8,0.36997457632260788,-10,-2.3479729973449777,8505267,432,35366,2389,90232,17267,19816,13406,5463,18111,2477,2508,423871
2019,33,1415038,394305,119094,66,12,0.4722714160326435,-10,-2.1378442790972816,8075219,1190,24641,1765,87091,16099,23776,15225,5634,16474,1577,2065,400842
2019,34,1577160,420838,122816,87,9,0.62337340536153585,-10,-2.0336105596640608,8947296,1200,21061,2282,93223,16819,25557,15521,7307,19578,1532,2255,434853
2019,35,1553786,416043,126582,75,9,0.60952939957432928,-10,-2.038475108967059,8879567,480,21822,2400,90483,15928,28674,13781,7552,19954,1471,2510,434309
2019,36,1521537,395443,115166,83,14,0.7112635011771008,-10,-2.0311439065402186,8832297,500,20674,1915,90259,16880,21071,11497,6432,20700,1400,1698,431984
2019,37,1568554,407193,116520,102,12,0.69976908668748483,-10,-1.9244679393270905,9010061,984,18845,2510,91029,14899,27294,9958,6323,19104,1902,2076,444566
2019,38,1608142,420968,118264,77,6,0.67648539894299986,-10,-1.9284155362522348,9200047,1268,18329,2952,92141,18971,38712,10376,6422,19599,2717,5082,450481
2019,39,1670040,417741,110077,82,7,0.80889961252401932,-10,-1.8580772093201929,9511477,1200,18668,1646,93051,17711,28176,11051,7407,24969,3776,1820,463592
2019,40,1557704,404659,113748,69,4,0.68002307244903026,-10,-1.9020264818643906,9009668,620,21596,2038,89208,18766,17743,12098,5412,23788,2401,1346,443926
2019,41,1650003,454352,134078,85,7,0.57970099430182587,-10,-2.0380808194435631,9444438,2040,19985,2424,97476,20283,18063,12025,9763,23234,2918,938,458834
2019,42,1643301,444856,129669,67,5,0.64340198795349335,-10,-1.9824166545449802,9427691,1320,20659,1468,98771,19487,13504,9012,7410,21974,1903,763,458836
2019,43,1582913,415069,120482,73,2,0.69547857201970753,-10,-1.8539546953194999,9134867,1070,18638,989,90756,19424,13964,9601,5840,23242,2066,736,446826
2019,44,1484565,392875,120311,51,9,0.61737253142677762,-10,-1.9043650238511012,8585737,590,18676,1695,84557,17481,16472,8360,5388,21034,1849,1021,424521
2019,45,1522713,400267,117286,68,5,0.65865501815182359,-10,-1.80409289228683,8856356,1200,19378,1303,87174,18072,16943,9262,7434,21577,1846,1013,437641
2019,46,1535688,413578,124656,73,7,0.58065082230244691,-10,-1.9630075461825878,8966926,448,22281,3607,89857,19103,23277,10167,6699,24291,2086,779,437689
2019,47,1537712,412316,114885,84,8,0.61447614600681932,-10,-1.9828614000249656,9031506,602,19048,2172,92485,20276,24683,12572,6193,24395,1932,876,440616
2019,48,1385262,370499,108206,65,15,0.62189971557685886,-10,-1.9529708187425789,8288672,440,18009,1720,81146,19680,19816,11167,6980,17744,2210,844,408070
2019,49,1509268,400231,119850,102,13,0.63707253142759146,-10,-1.9817447158760388,8736370,520,24021,1412,85478,17516,18549,11030,8847,23827,1572,812,429847
2019,50,1495572,397465,114563,82,7,0.66657769278602774,-10,-1.8947288163160392,8680841,580,22174,1419,88278,19347,15308,9287,7610,22681,1913,688,428245
2019,51,1438337,402713,111636,78,9,0.545517971151325,-10,-2.1034113047697081,8407304,440,18143,1236,93408,24801,14453,9703,7123,22143,2110,505,412132
2019,52,1065268,303427,95376,36,9,0.47199659803598526,-10,-2.150763671518797,6260149,604,15140,2702,64999,16244,16436,8370,4206,18525,1553,820,305246
2019,53,0,0,0,0,0,0,0,0,0,0,0,0,0,0,0,0,0,0,0,0,0
2020,1,466576,147125,51670,20,3,0.13052300161174155,-10,-2.6364145247650081,2634298,730,7271,1897,30644,7358,16464,3878,1689,5900,696,276,129191
2020,2,1639525,497289,178533,81,9,0.16463607730048477,-10,-2.5907462250405047,9034087,1680,25038,15435,99339,21896,95171,9580,6721,24146,1919,1190,439146
2020,3,1571602,427061,130289,87,4,0.59650706508840234,-10,-2.0636677279186411,8934604,506,22007,5471,90519,19223,45487,10151,7875,25116,3349,1262,437263
2020,4,1541188,390101,114495,73,13,0.71726966470021813,-10,-1.9860129055412268,8838914,412,18443,3224,85632,16324,23680,13469,7494,21439,1782,1337,434350
2020,5,1589805,412945,106602,72,8,0.70960017461381764,-10,-2.0213189227206092,9057667,660,17073,2481,111122,17016,27569,34909,6760,22233,2295,1170,440814
2020,6,1566149,412537,118391,54,9,0.6395648431693548,-10,-2.050280584226325,8923719,680,21438,1874,102309,14932,24159,27746,5460,21767,2410,1409,438546
2020,7,1539077,404721,116598,57,3,0.64381872228448966,-10,-1.9835693607319613,8881911,330,19012,2691,93736,15409,20973,20305,7643,21195,2647,1419,435947
2020,8,1514952,401016,113677,51,5,0.62251560461960032,-10,-2.0729211286110663,8703726,740,18151,2012,95908,16957,17023,18578,9413,27450,1757,1053,428437
2020,9,1574546,414642,123464,81,8,0.60271672996557735,-10,-2.1965399373628323,9018105,330,18504,2257,99306,17083,21426,15700,5514,21132,2770,821,438492
2020,10,1597781,396482,113278,58,4,0.75379748538754754,-10,-2.0676753094190836,9200474,440,17958,1786,94318,17002,17695,13447,5499,19920,2378,746,450808
2020,11,1467048,359617,90561,57,4,0.76560062492885406,-10,-2.1155426139475222,8630032,610,13269,3522,110874,13613,15845,12012,6182,15498,1945,804,432351
2020,12,1384303,337302,74732,53,3,0.8394246057402176,-10,-2.2296326212807234,8492655,490,9827,1648,113153,10221,13812,13621,5905,12668,1826,644,441442
2020,13,1336029,309131,73963,91,3,1.0054790726848002,-10,-2.2801340429017682,8301938,840,9336,1325,84960,9064,12481,12839,5202,11108,1729,1045,435740
2020,14,1328485,308416,78175,71,12,0.99334610477348,-10,-2.2528164734853253,8170914,520,10930,1164,77507,8991,12144,11556,5196,12432,1402,894,430588
2020,15,1226336,284518,74651,36,5,0.99785140275699247,-10,-2.1644443769675124,7598812,640,10546,938,67798,8200,9787,12716,5058,11513,1361,1092,404802
2020,16,1235744,288387,75116,45,1,1.0126128269493155,-10,-2.1631655474114271,7621425,504,10908,1175,65054,10007,10265,15173,4467,11459,1401,790,402813
2020,17,1261081,301302,80493,35,5,0.93596821771814243,-10,-2.1100509305084576,7730754,455,13277,756,66003,11482,13032,14715,5725,10857,1458,769,407697
2020,18,1234665,302302,83235,36,4,0.851478701897844,-10,-2.0695057593405926,7554894,480,12941,1002,63458,11086,12714,14457,6015,12205,1798,882,395426
2020,19,1269909,317434,89279,66,4,0.814039520973171,-10,-2.090060956476913,7706545,648,14311,1356,67096,10735,13323,14165,7528,13807,1723,885,401126
2020,20,1261348,316296,87331,47,7,0.807058644449151,-10,-2.1236358180735597,7703836,500,14312,1002,68380,10923,15412,15563,6424,12894,1542,826,399476
2020,21,1273234,319721,85164,45,6,0.8148107016182512,-10,-2.0174823260537713,7695827,740,14010,833,69133,11111,15762,18313,5328,16628,1634,668,397431
2020,22,1249560,347338,97264,46,3,0.51433211930308087,-10,-2.3960167516609765,7540111,400,16797,677,75629,25031,12346,19191,6271,14085,1345,612,388783
2020,23,1418527,440509,121681,82,11,0.18944637995429045,-10,-2.8255887263129371,8335131,500,20642,669,91352,56701,15387,15957,9333,13906,2086,640,415634
2020,24,1355009,383146,105960,48,8,0.47320884689156584,-10,-2.4498697430108103,8057239,1110,19299,895,78449,32983,14308,12355,7198,12839,2265,515,404038
2020,25,1384911,383626,107151,44,5,0.5390717210614141,-10,-2.2855614633348385,8204550,440,19469,888,82002,23425,14866,22587,8198,16535,3317,802,412335
2020,26,1332307,359574,98949,63,3,0.61373110040951651,-10,-2.1907132326673326,7942259,720,16861,1147,78501,18005,17812,16599,7307,14012,3562,1099,400900
2020,27,1306679,357059,94342,63,12,0.57479331158350488,-10,-2.1533403535656888,7786510,720,15810,1148,80845,17376,16868,20174,6188,14494,2216,790,395819
2020,28,1309171,358476,96660,39,1,0.55278654289330531,-10,-2.2618216143264629,7774045,460,17288,1092,79927,15605,13951,18416,6368,17529,2151,582,397851
2020,29,1308649,362080,97826,57,11,0.53436375987755325,-10,-2.2752793080948281,7786535,630,16550,1480,81142,16079,15074,18294,6183,15728,3110,946,396775
2020,30,1306425,357572,97684,43,3,0.56739241424867748,-10,-2.2214035774637524,7754732,600,16385,1265,81304,17092,16910,22033,6231,15341,3490,583,390813
2020,31,1237823,333656,89509,51,4,0.5977096664999747,-10,-2.2022182076911903,7375138,720,15484,1443,75857,15562,14635,15396,5998,15172,2012,653,373796
2020,32,1244225,330871,92723,66,12,0.632190474506498,-10,-2.3021947945773782,7357749,780,15425,1284,74001,14123,12940,15978,5446,13868,1964,446,374976
2020,33,1314559,346090,92237,63,4,0.68730760541051716,-10,-2.0962337584925645,7716025,420,16247,1017,76489,18729,16805,14677,5818,14306,1721,601,384839
2020,34,1303255,346181,93959,74,10,0.64174716383209662,-10,-2.1178006317885121,7590857,540,15835,1467,74730,17308,16993,12184,6283,16690,1957,667,381244
2020,35,1296066,355655,102792,46,7,0.53100943862808447,-10,-2.218735980747224,7570710,580,22627,1471,77452,19972,14127,13669,6706,16880,1887,699,379742
2020,36,1310573,352170,98370,55,3,0.61309693674336119,-10,-2.2022385790192569,7695575,500,20097,1093,76028,18589,12105,14850,7858,18798,1809,666,384962
2020,37,1313780,350214,98741,70,8,0.64748229530757118,-10,-2.1032729092926026,7717768,570,17091,969,75635,16819,13035,14450,6682,16806,1577,791,386573
2020,38,1330436,347114,94721,44,4,0.72237153835284029,-10,-1.9217360061179587,7784203,315,16386,1569,74801,16356,15684,15181,6197,16515,1788,778,391822
2020,39,1287968,349062,96586,50,3,0.58129523605436828,-10,-2.046479259457211,7594544,560,18851,852,74838,18012,13917,13046,5473,14004,2085,667,378186
2020,40,1206575,327412,98774,52,2,0.55025145619159044,-10,-2.2449070492732082,7013595,326,16552,2170,65679,14558,10335,9053,5012,16277,1678,442,346169
2020,41,1076119,288843,84230,78,9,0.60850929778081764,-10,-2.1512541158645879,6320229,870,13849,1754,62068,14217,9814,8062,4976,12788,1439,433,310093
2020,42,915046,248050,70028,63,8,0.59766218636719781,-10,-2.1446249011869902,5450510,440,11129,1668,52030,12865,8054,7911,4102,11658,1124,451,264581
2020,43,823415,221541,61944,62,7,0.60186795690619421,-10,-2.1210722632700514,4893667,500,10526,1086,46699,11734,7965,8628,3337,10082,1135,333,231268
2020,44,694997,197648,55458,55,3,0.44730365742585904,-10,-2.2411643914464863,4137802,1100,9649,976,40354,12465,6556,5976,2983,8089,1099,325,197382
2020,45,568956,157590,45993,27,2,0.48408547645495581,-10,-1.9422633094338466,3317451,290,8218,450,31623,8819,5296,4152,2414,4919,866,154,162664
2020,46,507804,125906,36031,42,1,0.83582267961654455,-10,-1.784647484170073,2974507,490,6190,649,25542,5488,4706,4395,2149,5614,668,186,140972
2020,47,1090611,279858,77664,63,3,0.76604209036077209,-10,-1.9020413686273594,6472142,712,13491,1916,59761,12124,13451,7559,5362,9983,1852,634,322506
2020,48,1167385,303989,85738,72,8,0.7169093894795272,-10,-1.8756502822597017,7044169,738,14450,1503,64178,13714,20943,9323,5040,11898,1673,910,354310
2020,49,1190665,309789,85237,69,5,0.72948187429293276,-10,-1.8334709418328219,7219548,794,15471,850,65159,13735,18335,11702,5006,12361,2098,777,366393
2020,50,1222967,314436,85250,69,6,0.77460289165847585,-10,-1.7118489676623769,7349716,662,16569,818,66647,14739,13527,11021,5556,13236,2064,651,371192
2020,51,1185427,306278,84784,72,8,0.74257718157039843,-10,-1.7179136623240761,7176034,669,17094,1185,69559,12263,11387,9285,5494,14936,1869,587,362278
2020,52,984521,263819,73517,75,3,0.67087196895133572,-10,-1.8587024126310618,5987600,740,15152,1683,70055,9230,12066,7884,5556,13122,1457,372,299060
2020,53,900025,247582,74811,70,7,0.55632430390435772,-10,-1.9961410620113544,5481565,934,15180,1586,53917,9499,14837,9609,3539,10265,1784,1635,275308
2021,1,1152680,337119,93590,80,5,0.4155672839243742,-10,-2.2899764186316034,6771470,969,19558,1134,73586,14344,15392,9659,4640,8440,1935,614,346158
2021,2,1188723,328971,86847,62,11,0.58020670956431331,-10,-2.130931205463801,7114948,1063,16957,837,78650,12516,14073,10292,5290,12278,1888,1147,364913
2021,3,1192386,313719,84038,79,7,0.70855926801858438,-10,-1.886899384054753,7088345,1083,15274,1004,73394,13252,12652,10279,5971,18924,1837,872,364159
2021,4,1211012,322366,86268,68,4,0.66613718995843918,-10,-1.9626183516630957,7342734,1052,16476,759,74157,15330,13480,10640,7770,17022,1894,805,371926
2021,5,1218843,327788,86283,54,2,0.658651881011357,-10,-1.9783164329206862,7360664,1014,17639,915,76099,15481,14402,9976,6776,19591,1926,1362,369827
2021,6,1183726,318114,84205,80,9,0.63825154892787284,-10,-2.0151971194934815,7189011,2107,17154,822,73769,14482,12185,10721,6260,15897,1563,1626,362317
2021,7,1180933,312661,87545,61,2,0.66832409061001974,-10,-1.9656889252806462,7161447,1014,16573,1840,68585,13937,14180,8038,5623,14633,2019,1318,359710
2021,8,1238164,338881,102176,66,8,0.55085929858879479,-10,-2.0075072645561871,7481070,1060,19543,2011,71553,14653,15304,8305,6346,15535,1589,1338,369315
2021,9,1220173,328910,97347,49,1,0.58331941447359148,-10,-1.9521153231437121,7373043,1093,20877,2125,69411,15179,14965,8793,5292,14438,1679,1784,368290
2021,10,1190354,315471,88539,94,5,0.64142515587799909,-10,-1.859405128889809,7223596,1093,18675,1133,68178,16574,12696,9580,4685,12560,1627,1429,360499
2021,11,1236487,329812,93975,69,6,0.61568872135331809,-10,-1.9536542331100912,7425056,1014,22309,1412,71163,15491,12652,13645,5677,16401,1745,1492,366033
2021,12,1229317,333867,98459,86,8,0.56886634518707946,-10,-2.0004434778926585,7426299,1093,24149,2165,70740,15924,10239,16450,5091,14812,2120,1316,367097
2021,13,1130650,300397,90380,60,5,0.61972852711765969,-10,-1.9509258789336652,6830887,1004,20172,1026,65049,13068,9396,10617,4462,17668,2046,812,340079
2021,14,1166367,300588,91736,61,7,0.66715210813804615,-10,-1.9101016062943692,7036078,1093,20740,987,63467,11154,13302,10270,4385,20335,2143,870,346490
2021,15,1223939,326342,97734,57,3,0.60621889124559192,-10,-2.0362275267572296,7319760,1060,25598,1325,70882,13417,15520,9563,4782,28951,2164,900,361986
2021,16,1227385,334233,104460,75,8,0.51662124474796356,-10,-2.112951313464468,7317402,1093,24067,1940,74735,14217,13786,9037,4684,27482,1784,856,360514
2021,17,1180685,314265,97108,51,5,0.61425989385795687,-10,-1.9395159985965693,7101548,1014,21245,1235,68549,12727,14372,8764,4498,19877,1349,865,351438
2021,18,1139274,302332,94733,67,6,0.61697936663006459,-10,-1.882171905530019,6853456,1128,19934,1320,64413,12425,18426,9623,5527,12988,1864,732,337984
2021,19,1196576,347187,124849,49,7,0.29531195678335487,-10,-2.328892667995575,7096166,1060,23291,10587,68724,15986,64007,7978,5302,13348,2433,467,347263
2021,20,1235727,334985,110746,69,3,0.53644082335537691,-10,-2.1011711445777856,7264779,740,19238,7013,67182,15081,48977,9181,5751,13366,2440,553,351959
2021,21,1216498,327408,95933,68,11,0.5909941487778857,-10,-2.077287853484437,7208504,408,19415,2165,76122,13134,21625,10183,5063,15918,1789,482,350703
2021,22,1119167,288004,86908,57,4,0.69749857482652233,-10,-1.8405464941305614,6706825,520,17892,1475,62415,10748,15731,10565,4934,13516,1747,683,330045
2021,23,1175875,294916,85056,76,16,0.77825211013075346,-10,-1.7724310704273849,6961503,970,17571,1213,65135,11377,14945,10208,5294,14442,1391,718,340313
2021,24,1143243,285874,83034,54,3,0.79226076087327368,-10,-1.6751809720233712,6782630,1060,17099,1205,63536,10578,15600,9472,4426,16879,1646,674,335396
2021,25,1148159,296698,88105,79,5,0.6836114604635608,-10,-1.8871671831851777,6845467,1052,19266,1037,66633,10602,13324,8924,5873,17942,1558,675,335424
2021,26,1085269,285884,86503,53,4,0.65674083588723886,-10,-1.8867192212153863,6527634,1054,16267,1399,63985,10384,12762,7446,4794,14252,1430,656,324314
2021,27,1080051,287085,92259,74,10,0.61609623445296369,-10,-1.9245152846591764,6488335,750,17702,1208,63567,9980,12250,7876,4747,13237,2453,589,320570
2021,28,1131058,300171,89021,51,9,0.62469800319171009,-10,-2.0558580480393367,6702526,1250,17118,724,66165,16513,11014,9276,6060,11747,1516,444,327876
2021,29,1038361,277345,81906,49,3,0.59252606285904141,-10,-2.0259136581572137,6197269,360,15715,1411,60228,11934,12923,9989,4538,12375,1466,281,307479
2021,30,998624,264773,82589,24,3,0.61486312597697423,-10,-1.9746442739624008,5973503,850,15617,1021,55383,10799,14360,8193,3781,10950,1414,461,293291
2021,31,904075,244748,79498,44,6,0.550685789122057,-10,-2.0706780622570964,5428689,592,14317,2138,49829,8501,18025,6067,3385,9749,1140,373,265567
2021,32,859447,231918,71492,45,5,0.59990819646189886,-10,-2.1294197810812476,5116529,590,12616,788,52543,7697,9984,7643,3841,10407,1023,366,245106
2021,33,1006450,256220,79958,28,6,0.775109717432279,-10,-2.0294502868155768,5883543,630,15872,1126,57750,8635,9930,6442,5084,12293,952,411,279970
2021,34,1164180,302861,94640,73,10,0.708233620631896,-10,-2.09626065018477,6823089,870,17630,1864,69150,9774,11786,7991,4849,12781,1317,593,328900
2021,35,1102645,275234,85631,59,9,0.80036439651927771,-10,-1.9027767753713372,6577010,540,16104,1755,60352,9577,9863,6716,3869,10977,1089,947,321139
2021,36,1097136,275562,83960,39,7,0.75564472760748436,-10,-1.8650803422383069,6535348,540,14603,1217,59881,10795,11319,6990,4183,12908,1272,743,319737
2021,37,1154312,288420,83136,76,10,0.77130909374431622,-10,-1.6992615579073767,6810257,560,15591,1884,63787,10969,11284,10292,4647,11948,1440,1015,331890
2021,38,1240129,306530,86376,64,2,0.80697824253342021,-10,-1.7413324096586604,7239167,1260,17813,1066,70339,11581,12212,10185,5412,14523,1220,939,346241
2021,39,1248744,322056,95898,58,5,0.713943539707352,-10,-1.8112498583707266,7289274,560,19551,1799,70671,12593,14192,10114,5348,14816,1550,1033,347505
2021,40,1157266,292732,87505,64,7,0.74024554530049846,-10,-1.7341783117837144,6849975,690,17943,1201,60905,11222,12452,10148,4383,12960,1376,919,334803
2021,41,1119067,287415,86995,61,19,0.70015182290247135,-10,-1.7646808066569282,6690071,870,17253,1001,61158,11188,11857,8512,3756,12053,1364,897,326149
2021,42,1146201,297338,89378,70,11,0.665704646400842,-10,-1.7799176930723766,6807615,560,19123,1518,64917,11905,10201,8576,4675,15002,1154,707,332850
2021,43,1176361,300612,84848,85,20,0.74241314731993091,-10,-1.6878178946654403,6995773,553,17650,1166,66328,13098,12646,8565,4770,13503,1323,1094,335882
2021,44,1090554,277017,80220,68,13,0.75691432050697827,-10,-1.6745590884964978,6505312,1290,16324,980,58792,11422,11570,8093,4687,12963,1294,918,319934
2021,45,1180549,305873,85509,40,8,0.70995027699188473,-10,-1.8909789755274924,6975195,480,17345,946,67292,12016,12939,8702,4969,16997,1290,1171,335663
2021,46,1149702,301420,86770,40,3,0.66544530032286808,-10,-1.9248221277763309,6859036,2190,18490,993,68211,12374,12899,8976,5690,16978,1381,1059,332136
2021,47,1075810,273280,76951,58,4,0.75105781547161976,-10,-1.8117468524291045,6525226,730,15334,855,64547,12502,12965,8773,6190,16026,1300,671,316253
2021,48,1122271,281581,77284,41,5,0.76587300738681319,-10,-1.7800641871120277,6702815,1390,17805,686,67041,9848,12293,8083,5085,20006,1355,580,326851
2021,49,1134014,290620,82571,60,11,0.73936566390910674,-10,-1.7649800399448656,6682388,570,16070,933,67808,9693,12814,9723,4604,23050,1485,777,325561
2021,50,1075852,274112,76921,44,2,0.75427123534179585,-10,-1.7248340908685433,6461253,390,15334,847,63667,9535,12377,8557,6562,20434,1135,683,316826
2021,51,885533,227925,65644,53,4,0.72222652601908754,-10,-1.7152909620477086,5410637,490,13674,907,53386,7905,12191,6696,4728,17694,1281,1153,270090
2021,52,790298,216237,66617,54,4,0.542904701770724,-10,-1.9280814836000091,4820806,508,14256,1260,50147,7819,13831,6800,3617,14869,999,857,238789
2021,53,0,0,0,0,0,0,0,0,0,0,0,0,0,0,0,0,0,0,0,0,0
2022,1,929835,253695,77342,42,6,0.52635937454628279,-10,-2.1220583074893664,5602195,760,15440,1568,56024,11003,13461,6637,3539,13925,1419,944,278810
2022,2,1041039,276638,77421,52,3,0.63494508851253406,-10,-1.9793758492130702,6223116,316,14616,1475,64047,10125,11051,7012,4712,22674,1237,778,309581
2022,3,1116858,291552,82671,34,3,0.69474478736234768,-10,-2.010016813982078,6550894,690,14814,1522,64613,9695,13097,7207,6349,32699,1185,2561,319780
2022,4,1141781,302273,84665,45,5,0.67510939136710291,-10,-1.9596101255740561,6758857,760,16307,2272,65729,10308,10966,6891,7505,41917,1499,1746,326190
2022,5,1133345,299665,83985,38,5,0.68028536991677624,-10,-1.9213609428667418,6636485,340,15415,1681,63307,10946,11723,6465,6744,36555,1310,1373,320568
2022,6,1191597,312059,82098,43,5,0.72492644306701681,-10,-1.9306580959367727,6942721,480,15517,1321,69763,13876,12058,6420,7260,43097,1183,1073,332402
2022,7,1224888,327311,89901,45,6,0.65777732966387858,-10,-2.0535443659913111,7104123,526,16898,1667,70846,12678,12040,6456,7016,64470,1419,1063,339390
2022,8,1469527,429956,117489,61,6,0.45325768530647725,-10,-2.3200582520510218,8218274,560,18031,4775,104450,17665,9942,9012,9213,179026,1277,706,387398
2022,9,1438808,398206,117227,55,4,0.60857830531469181,-10,-2.260448028017767,7947794,416,18630,4939,96447,17072,9439,9283,5996,165911,1036,652,377431
2022,10,1386572,374203,113340,61,8,0.64922366038233936,-10,-2.1752937349447317,7670005,432,18204,5072,86596,15091,12630,8310,5532,132383,1246,923,364977
2022,11,1309428,350443,110604,47,2,0.63337177271481071,-10,-2.094116922176958,7329807,310,18720,6264,78032,13519,12960,12278,5405,111964,1071,879,350359
2022,12,1317882,345199,104946,46,5,0.69544455691515372,-10,-2.0069805676559254,7420234,520,16709,4617,75264,13659,11295,8790,5200,100265,1271,1699,352908
2022,13,1268015,329388,103631,36,3,0.71913996082056075,-10,-1.9150921705621859,7186961,450,18229,3407,70965,11519,14924,8516,5999,83682,1391,892,345476
2022,14,1213957,344858,106808,48,3,0.47677424350510689,-10,-2.2631472716687715,6970125,540,18193,3792,77590,11034,13361,7129,7618,95666,1134,726,341560
2022,15,1140176,325186,108126,39,5,0.40633052499004513,-10,-2.2963799755529721,6453001,720,20040,4045,70498,10772,15730,6866,6128,81762,1537,527,316669
2022,16,1151179,316990,103976,32,4,0.52851136540334165,-10,-2.0666954496471828,6548157,540,16588,4574,68245,9933,14381,6829,5429,72066,1290,605,321641
2022,17,1190370,322511,101771,27,3,0.58909874013644614,-10,-1.9298601536227256,6762395,310,16361,4338,73245,10697,12320,8768,6229,75949,1314,478,328782
2022,18,1136396,305531,95893,43,5,0.561445854166777,-10,-1.938427758701128,6412247,1160,14998,3972,68461,10466,13168,6363,6273,68682,1498,313,313640
2022,19,1195027,324204,108028,47,14,0.52729535139043227,-10,-1.9440203668160503,6793225,380,21330,3300,67899,11440,20558,7137,5284,60145,1423,379,329212
2022,20,1195800,309877,98498,46,2,0.68964291090334451,-10,-1.8007428011909781,6823740,500,20988,2739,66673,9849,13772,8660,4295,55300,1080,378,329469
2022,21,1191534,325507,114022,32,2,0.48365728548241166,-10,-1.9456657003330389,6726144,560,29853,3036,65725,9777,15540,10136,4724,54183,1286,379,327716
2022,22,1088581,293061,102935,45,7,0.52687593011078593,-10,-1.7727211445746953,6267117,460,24065,3283,60928,9068,12196,7964,5119,52381,1149,356,307003
2022,23,1137173,311878,96762,54,7,0.52753767456666645,-10,-1.9034988789589218,6501371,500,20515,2920,68773,10307,11967,8822,5471,51927,1074,235,316616
2022,24,1123297,296441,93318,35,1,0.62199431137857886,-10,-1.7776287503596724,6455487,480,17696,2569,66004,10464,12598,6854,5252,46142,1033,328,313687
2022,25,1106711,292101,91987,30,1,0.62937770508985791,-10,-1.7830954144655307,6382092,620,17176,3242,64997,11358,11361,6054,4772,47217,1175,256,312864
2022,26,1137042,302989,93189,50,5,0.64740854422726646,-10,-1.8303773752461727,6505420,790,16595,4571,68416,10594,11285,6591,4702,50137,1456,345,315779
2022,27,1041562,283099,95644,34,3,0.52886198258952422,-10,-1.9718264959896956,5990943,520,23176,2798,61327,9246,11354,7853,4704,43409,1150,330,294235
2022,28,1046864,278547,91943,36,8,0.59959001046943328,-10,-1.87817343180463,5957188,340,17576,4298,60186,9301,13116,6455,4776,41670,1221,398,292242
2022,29,1054968,280515,91564,28,4,0.63408011814587506,-10,-1.892015781319798,6011658,560,17788,3410,59199,9524,12451,6622,3992,41939,1459,329,294387
2022,30,1020079,274966,88030,26,2,0.57450653041498134,-10,-1.9593575813266804,5878367,318,16305,3334,58245,9021,10992,9576,4248,43052,1228,244,287698
2022,31,1071707,302603,98931,55,5,0.43022999756463132,-10,-2.1846230576580785,6121071,1335,16572,5384,62409,8666,18001,27446,3930,38630,1958,408,294918
2022,32,985866,280106,95371,45,4,0.39257282429863172,-10,-2.1584357399271044,5672972,538,15766,3446,58129,7832,16472,12620,4059,39587,1440,357,279404
2022,33,972259,267871,85666,39,3,0.51503888391190833,-10,-2.0227907314605647,5604273,538,14208,2998,58286,7378,12550,9354,4251,39528,1399,277,275706
2022,34,988119,266936,82925,34,1,0.58746567974100516,-10,-1.916780027750693,5733983,540,14441,2881,57353,8203,11048,7453,4176,43290,970,292,282619
2022,35,976773,259331,82403,38,2,0.61831893043507458,-10,-1.8633130332096945,5708237,310,15979,2105,55866,7864,11613,9138,5368,38599,780,379,283425
2022,36,1023309,248777,79203,43,3,0.78823063219419209,-10,-1.4545081138169933,5853285,320,14502,1902,53825,7171,13239,5764,4460,35979,1258,285,289760
2022,37,1096880,267740,85160,45,2,0.80445035008387689,-10,-1.6273831930183618,6227143,500,15097,2323,55101,8306,11445,7730,4730,40541,1122,376,300907
2022,38,1091539,281178,81830,45,0,0.701871397854589,-10,-1.90280304018434,6253831,690,13785,2110,60979,12717,17669,7310,4029,48830,889,233,301127
2022,39,1046413,281145,83346,58,5,0.60463221872878992,-10,-1.9307784643018668,6053666,400,14929,3294,59567,11863,16860,5841,4708,48783,1411,276,297503
2022,40,1044841,282482,90163,59,5,0.56788108372989177,-10,-1.9029828220686471,5991416,520,16279,4859,58195,10637,17144,6035,4704,42707,1164,547,294436
2022,41,1051786,288614,94271,44,5,0.52315204101230117,-10,-1.9513875695833327,6091835,538,17153,7196,57926,10112,17124,6255,5036,57733,1175,320,299475
2022,42,1036073,285400,89116,45,3,0.52021085407192147,-10,-1.9683458815401311,6045315,360,16257,4000,60719,9890,20642,6809,4727,51567,1153,478,296606
2022,43,1025833,274733,86442,37,1,0.57907974915897431,-10,-1.9502460871395972,5920948,450,16207,2504,56824,9467,18615,6217,4560,41552,1265,228,290547
2022,44,1016766,267901,83688,70,6,0.644076159865285,-10,-1.798225324934376,5872777,400,14922,5008,54422,10653,16077,6151,4520,37819,1856,313,286630
2022,45,905252,225973,67634,21,0,0.81088148609656374,-10,-1.5550836117956592,5194126,252,10971,2142,46116,8697,12484,5470,3609,32145,2298,423,256809
2022,46,1079195,284135,93039,40,2,0.62682597765544246,-10,-1.8133078879664859,6141594,500,15262,9423,58228,8938,16919,8324,5321,51967,1770,318,297942
2022,47,915695,244715,81995,45,4,0.59142256192852327,-10,-1.7670822358460834,5420407,450,16358,4771,48265,8716,12984,7226,3976,37406,1082,351,264507
2022,48,994454,265163,81080,39,5,0.62684458004090615,-10,-1.7706827115361803,5905214,420,13973,2977,57497,11050,13749,11622,4359,35495,1050,271,286530
2022,49,995617,271036,81734,46,4,0.58585175996744254,-10,-1.7834487788132527,5919288,624,14718,3580,61919,9537,13894,6378,6251,39291,936,274,287775
2022,50,976951,269257,82229,60,4,0.55911896509720782,-10,-1.873288447782385,5795457,330,14236,3658,62181,10163,12341,9011,4049,34634,1026,320,282519
2022,51,905780,240641,71225,26,2,0.6705515356131071,-10,-1.8461382160840982,5358501,538,12206,2516,55737,8379,10651,7367,4108,33218,847,270,261750
2022,52,750987,207913,69605,51,3,0.462549285140762,-10,-2.0364101347551848,4509488,460,12079,4129,47495,6721,9990,6418,2715,33875,843,285,220558
2022,53,0,0,0,0,0,0,0,0,0,0,0,0,0,0,0,0,0,0,0,0,0
2023,1,875376,246581,83714,52,11,0.41492712762433248,-10,-2.1133788261868269,5072355,520,14422,3158,52109,7949,16250,6262,4848,34802,1131,219,251235
2023,2,1040300,285189,92513,49,1,0.49242445652436084,-10,-1.9483462992327456,5904758,410,13750,3594,63416,10384,15939,7141,5555,44660,1023,405,284750
2023,3,1059891,286592,92820,59,10,0.5327287428612999,-10,-1.9078853460739527,6050185,640,15615,2888,63522,11909,12740,6157,9091,46570,957,293,291334
2023,4,1101916,318649,107622,46,7,0.34848046217763079,-10,-2.1786224918559,6251818,690,19419,3585,67556,11901,21257,5738,10774,52415,1471,293,298532
2023,5,1088912,299389,97734,50,5,0.50181135097358054,-10,-2.0424662415266175,6180268,756,16293,3180,64982,10277,19005,9001,6373,50138,1091,295,293777
2023,6,1071045,275607,90441,58,6,0.673644244639579,-10,-1.8136379204805348,6116712,570,16065,3020,61485,9425,11130,8082,5627,45278,940,240,293562
2023,7,1085121,292079,95635,60,3,0.54425276075202544,-10,-1.8642235321714173,6154964,725,18822,3807,60429,9437,13302,9879,6738,52157,1074,302,295275
2023,8,1136342,297819,95516,70,9,0.625997630994892,-10,-1.8950100488574102,6342824,581,16311,3236,63926,9960,15623,10301,6399,63090,1016,372,298740
2023,9,1080784,289844,90005,54,8,0.58147881537847013,-10,-1.9311095700856367,6173153,470,15098,2332,60887,12503,15706,10164,5368,49583,964,279,296774
2023,10,1082744,301613,99720,58,3,0.44298577131024891,-10,-1.9977694861551245,6216361,460,16372,4065,61809,14219,17364,9382,5877,50261,1010,399,295682
2023,11,1117211,299798,89504,55,5,0.60631383156790164,-10,-1.8931690071830274,6355502,1100,13945,3392,65009,12913,13493,10073,6205,53205,1028,405,302141
2023,12,1251031,336869,100354,106,10,0.58357353771089115,-10,-1.8597109076834415,7025417,1004,15505,2959,76334,16751,16991,12337,6190,46368,1228,622,333308
2023,13,1670061,451566,139617,150,14,0.55961551012929411,-10,-1.86424763984463,9467985,1194,25656,3650,101918,20014,21559,14559,8076,62250,1572,559,460063
2023,14,1586083,438547,142472,114,0,0.48080678607703803,-10,-1.8961210872382588,8875780,1900,23647,6713,95459,15077,35441,17931,6549,61857,2217,597,429770
2023,15,1559661,414622,138056,107,7,0.53222792147006326,-10,-1.8237536574889195,8831383,830,26462,4757,91180,13498,19551,17207,6482,56645,1776,827,427440
2023,16,1517083,394352,122107,74,6,0.65258749113421732,-10,-1.7356935406568368,8678726,950,23871,2641,93357,13059,14363,14212,7123,50538,2348,603,429098
2023,17,1558615,397502,125217,120,12,0.69454828690417059,-10,-1.7013489006935272,8852935,700,20862,3671,96864,12462,16812,14257,6717,51228,3255,626,431899
2023,18,1503555,393451,130905,100,10,0.58852531304184375,-10,-1.6903455603280724,8484854,640,25723,4074,88733,14998,20174,9933,5988,54590,2433,483,420022
2023,19,1517872,401994,135878,75,5,0.58047767030971631,-10,-1.7733357333636646,8657582,400,23952,6189,87026,13396,24000,11662,6323,50643,2626,427,431642
2023,20,1548093,383348,120090,87,5,0.77905991435914568,-10,-1.5147092475359467,8766014,688,20630,4640,87158,11987,15535,10816,5761,55726,1872,406,434004
2023,21,1455528,374836,118186,75,4,0.678782407483738,-10,-1.5547341370941949,8336158,610,20332,2759,84118,11665,15695,10529,7310,53375,1704,357,420827
2023,22,1435663,371585,120524,123,5,0.63618662597002218,-10,-1.5599063743098049,8281227,1600,21039,3939,79828,13906,16673,12519,6390,51557,2599,398,412676
2023,23,1442824,371319,115023,69,1,0.67565710451917671,-10,-1.6873969883650206,8243030,690,19870,2606,80259,12220,15048,9996,6166,57461,2543,442,415983
2023,24,1452790,364969,116253,102,7,0.73238446681066327,-10,-1.6070907832230026,8362643,644,19927,4038,80102,11546,13546,9868,6349,47926,2098,462,420433
2023,25,1472397,369027,120438,102,3,0.70336364000643592,-10,-1.6634850943950628,8417856,607,20768,2981,78734,11408,20266,10637,5530,57531,2098,338,420054
2023,26,1349201,350328,109117,94,5,0.64543417645149348,-10,-1.6940042967971918,7841875,769,19362,2984,74938,13029,14225,7691,5429,49694,1526,321,396862
2023,27,1321823,350277,116863,86,9,0.60217396896102693,-10,-1.7826813047501926,7706749,728,21238,3423,71892,12728,23982,10088,5740,47703,1775,422,388093
2023,28,1430916,357778,110703,79,8,0.78626787065825865,-10,-1.5575150827013617,8217732,430,18260,3289,75969,12004,15158,9606,5527,48539,1529,424,407349
2023,29,1415806,372172,116014,87,5,0.62907627044421421,-10,-1.73806817087516,8068069,528,17501,4373,80766,13329,16080,8332,4960,58120,2237,650,401873
2023,30,1348609,356521,114546,97,6,0.597101970479146,-10,-1.751452304599376,7776023,530,17228,4051,76327,12515,14226,8824,4621,50210,1797,445,389742
2023,31,1329348,368205,119628,77,12,0.45474691519155569,-10,-1.99953958386622,7648371,468,18998,3192,82702,12305,14082,8586,4651,50706,1487,471,385251
2023,32,1284704,353484,115996,49,3,0.47529423120033792,-10,-1.9717500612274184,7459103,519,19430,3267,78649,10416,14343,10601,4680,43423,1414,535,376863
2023,33,1270707,345426,113689,60,6,0.50281843543545046,-10,-1.9022498712760159,7283504,601,18349,3511,79349,9908,13054,9655,4586,44581,1499,399,369132
2023,34,1340716,350987,117075,54,4,0.59593012631413989,-10,-1.7922188319621,7572160,1620,19704,2672,76764,10545,13532,9658,4865,48869,1290,542,382375
2023,35,1304720,347861,111824,60,6,0.5519249370362016,-10,-1.7843278569734793,7518330,936,19611,3044,75646,12714,14118,11409,5076,44023,1457,397,380188
2023,36,1397929,341156,107132,80,8,0.81237133608741408,-10,-1.4954114517841981,7947028,639,16240,2845,74584,10786,13457,11505,5212,50224,1507,325,397551
2023,37,1458061,359666,109038,108,6,0.7845341175712115,-10,-1.5680925669200632,8329891,1720,17011,3541,83113,12291,15731,9780,5740,48602,1787,338,415202
2023,38,1535076,391474,123513,69,3,0.7029545116984437,-10,-1.6850078389654872,8663475,750,19348,4045,82865,14021,18696,10235,5958,56236,2029,424,422832
2023,39,1428702,372630,119728,48,5,0.65634142039417476,-10,-1.7004558956816114,8167982,900,18890,2792,78783,13249,13396,9032,6560,45930,2242,667,407680
2023,40,1444525,402411,143268,60,10,0.44060102801958695,-10,-1.9751698925429477,8324829,1098,22539,6939,82431,12758,44000,7865,6159,43390,3912,494,416226
2023,41,1683392,489902,193286,67,8,0.25943265705947283,-10,-2.451689167640136,9317999,450,23782,10653,93663,16267,130986,9336,7306,34498,8517,677,444373
2023,42,1661550,477545,173126,53,4,0.35133793827326154,-10,-2.3940488636603443,9165634,560,22477,9532,91653,19944,112559,9497,7028,33838,10171,1096,439843
2023,43,1540793,433099,160900,95,8,0.38088775123442975,-10,-2.1845508909484006,8622315,553,23287,7168,81756,15151,87552,10673,5225,34626,5459,755,420737
2023,44,1510860,432819,161571,80,9,0.31417698696832147,-10,-2.2236688786657806,8428857,624,22512,6411,85137,15262,86740,8323,6178,36733,6452,1236,408442
2023,45,1494440,412408,149682,74,3,0.45091037567299419,-10,-1.9989389131113136,8397835,848,21393,5743,80139,16617,72323,8082,5704,34422,3819,1115,411588
2023,46,1455289,399180,138594,88,6,0.47880563847155932,-10,-1.9472131071363228,8286501,396,19335,4294,80726,15393,61493,9680,5636,34211,3286,1058,408716
2023,47,1357513,352755,125301,90,6,0.6600486772860894,-10,-1.8616029920299511,7847946,360,18339,3907,72438,12188,52323,7444,6343,33754,3442,1358,386326
2023,48,1416325,369798,127548,56,4,0.63902646019673526,-10,-1.9014211059789889,8129676,810,21190,3598,78655,11549,48282,7008,6251,34157,2580,1409,402360
2023,49,1413137,388450,134864,38,4,0.487318575466235,-10,-1.9596697942859569,8075172,440,21496,4556,78715,11269,50909,8288,5444,36020,3026,1569,403005
2023,50,1397368,378671,124708,65,5,0.5703166529026733,-10,-1.8868251720964155,7992270,450,18330,4996,77373,11587,47067,8368,6023,36702,2661,2520,397694
2023,51,1256011,355369,121570,50,1,0.45326391670003979,-10,-2.0406684371035291,7303143,340,19956,4362,75509,10731,43501,7561,5769,31756,2640,2831,371315
2023,52,1002653,310349,124674,33,11,0.04274163466812967,-10,-2.3276007925618396,5774727,450,17905,6419,59455,9028,47061,6059,4092,40322,2604,2016,293440
2023,53,0,0,0,0,0,0,0,0,0,0,0,0,0,0,0,0,0,0,0,0,0
2024,1,1094487,334003,130525,31,5,0.11084846142530694,-10,-2.4964336016706485,6229245,385,19233,8397,63836,9040,49735,5933,4526,33106,1844,2123,316244
2024,2,1352558,390046,133971,56,8,0.34773368486737782,-10,-2.1907298666659609,7715500,520,18674,7320,76845,12629,54377,10298,6324,33859,2310,8942,388187
2024,3,1348536,388297,139608,48,3,0.31687214875984027,-10,-2.0404470071045839,7750223,660,18079,9138,75952,12318,62122,8707,6500,36087,2431,6319,390430
2024,4,1386631,382565,128009,40,7,0.51157254257994456,-10,-1.959133338681752,7938003,510,18423,6421,75729,12867,46764,7424,6957,41199,3096,4536,399604
2024,5,1409877,405406,139564,74,13,0.39889231314832785,-10,-2.1318989590987414,8124804,430,19178,5040,80751,14964,51058,7619,5974,37144,2545,4161,405412
2024,6,1386564,381143,124260,51,4,0.48946876480732049,-10,-1.9324306229753081,7928208,1240,17601,3937,78667,15157,43635,6987,5107,39368,4995,2799,402956
2024,7,1407953,382124,124021,71,11,0.55039696011932249,-10,-1.9795770075899719,7975260,770,18791,4741,78815,14504,47797,6138,7672,48443,7987,2060,401052
2024,8,1442110,395552,127245,42,7,0.530316239108801,-10,-2.0174931339640776,8205132,860,19134,4029,83132,15981,41297,7432,6529,59820,4474,3109,411631
2024,9,1466982,394249,126105,40,9,0.5869066705931153,-10,-1.8149111705367593,8367488,380,19881,3384,79418,17764,37372,6822,9420,49235,3220,1865,421766
2024,10,1425796,379911,120682,55,2,0.5986382343617207,-10,-1.7436540003195353,8163541,560,17750,4553,77990,16452,34676,8722,8035,43712,2353,2710,414766
2024,11,1382259,372835,120107,31,3,0.57255937209939889,-10,-1.7988491408969769,7966324,480,18080,3876,78430,15387,32255,8506,7003,49081,2536,1704,407665
2024,12,1411941,395134,130392,53,10,0.46680080824906856,-10,-2.0068157200412609,8130701,425,19804,4956,80821,14026,34373,10875,6364,54409,3305,1190,410134
2024,13,1308477,370836,121650,35,3,0.41168522787023709,-10,-2.0864078350892852,7484011,640,17427,4529,75846,13201,35326,12548,4629,50141,2237,818,382236
2024,14,1348816,390786,135012,44,4,0.338990327799091,-10,-2.084638296725732,7711319,320,18058,4372,77384,13411,58193,8884,5385,40717,2065,1076,391369
2024,15,1398710,400515,137631,49,8,0.3505141165788479,-10,-2.1085439873180754,7978770,1110,19823,6879,81271,11171,72641,9315,7432,38724,2195,1189,397973
2024,16,1409653,408703,142174,58,8,0.29844890905776073,-10,-2.1258581005048924,8040230,640,19652,9212,83784,14668,79070,9050,6081,38538,1956,945,403304
2024,17,1404610,392678,123656,64,1,0.48141434277130613,-10,-1.9325091547565507,8097288,1080,17564,4823,88990,20967,43572,11402,6908,38139,3294,952,403097
2024,18,1332453,386079,119102,63,4,0.36285084727191314,-10,-2.0814572839858303,7614752,560,16772,3377,88281,24821,43327,8596,6654,35482,3533,937,377111
2024,19,1361353,384878,122013,47,7,0.42970302338923277,-10,-1.8905466732096923,7748729,340,16294,3972,82739,18479,53477,10189,7369,40964,8266,652,389850
2024,20,1385725,386137,129522,40,6,0.44146599495858,-10,-1.8731394791965834,7976324,800,20445,3497,80791,15428,40297,10254,5242,44247,4762,766,402567
2024,21,1390163,378530,118844,62,11,0.53657204392037727,-10,-1.8933452970282272,7933994,650,16770,3685,82522,12374,46478,12129,6357,39837,3898,627,399547
2024,22,1355364,370767,121610,53,3,0.54055015601009282,-10,-1.7861264977699987,7779882,1040,17573,4624,79182,12022,46561,10764,6479,40894,6592,1664,391133
2024,23,1341158,349845,115197,61,4,0.62857277069517548,-10,-1.6434283899813151,7691902,870,16954,3492,74716,10907,35716,9121,6986,37026,2489,1192,388407
2024,24,1352076,347744,115264,31,2,0.6851100605440219,-10,-1.6623907849146087,7728038,240,18021,4210,74895,11085,31626,9583,5907,39453,2059,1367,385371
2024,25,1246996,335526,108895,46,5,0.56083777400871881,-10,-1.8027558174819402,7214852,412,17646,3119,71757,11486,28640,12145,5070,38628,1692,1175,363519
2024,26,1270036,346224,108335,57,1,0.55646840578979784,-10,-1.9659026686413927,7426353,555,16232,3488,76825,11622,28330,7791,4717,36305,1869,1058,374885
2024,27,1197882,311409,101994,30,1,0.62779171905079079,-10,-1.700144921027178,7007594,520,14870,3435,66207,10396,25680,7982,4841,30856,1847,582,359075
2024,28,1280247,336240,113179,62,4,0.62045214712473218,-10,-1.7311086277272338,7329352,770,19145,4953,66628,9609,24891,9530,5356,41050,1754,825,372953
2024,29,1242692,349507,121351,32,2,0.38274335072568261,-10,-1.8966078090891176,7133718,350,22970,2579,70023,11141,31047,7585,6860,32169,1834,3039,368423
2024,30,1232516,327112,104140,51,5,0.57509273713282383,-10,-1.7712517669087497,6982556,310,16711,2684,69647,13530,31455,7763,4923,29599,1693,1462,357636
2024,31,1265086,379124,132388,34,1,0.226979531019656,-10,-2.4281250439303279,7124633,970,17089,4401,82303,15582,56583,7033,7227,33376,1861,1215,361027
2024,32,1227826,366825,129667,45,2,0.18143523593733968,-10,-2.395444772035439,7009460,288,16248,4152,78663,16090,45605,5955,4497,40459,1986,1183,354343
2024,33,1211687,352390,124594,39,5,0.2810876589212547,-10,-2.2043706404591878,6890763,700,16521,3573,74016,12950,38251,6242,5783,47605,1648,790,349978
2024,34,1258686,352049,122082,43,6,0.39164025022920668,-10,-2.0169499302941549,7135651,720,16891,3497,73260,13424,34819,8071,6693,44621,2430,903,362171
2024,35,1246460,355492,125853,61,4,0.34226274953728952,-10,-2.1045611952004468,7177771,790,17787,4282,73402,11087,34049,9309,6231,44987,2121,769,363056
2024,36,1281280,351716,120909,33,1,0.47296831757042573,-10,-1.965942144057748,7352400,580,22252,3772,73491,12890,36212,8309,6400,38160,2390,706,372197
2024,37,1342398,367030,123009,47,2,0.4766277214358195,-10,-1.9533694295519404,7668011,808,19326,4454,77257,11413,35637,7964,6777,41584,1862,1118,385923
2024,38,1278845,350157,119253,45,4,0.46339028855033421,-10,-1.9124494959468215,7402259,495,17691,4577,70504,10126,41765,7992,5091,32804,1831,1149,378091
2024,39,1396918,382770,133756,61,2,0.44115140699125294,-10,-1.9357024072347908,7933921,1040,16717,6298,73614,11514,61950,9066,4938,35392,2110,1523,398210
2024,40,1368217,407306,159593,69,6,0.15177819015550773,-10,-2.1451332333689761,7832884,560,19362,14125,77155,13846,98525,6883,5642,29156,1986,2405,393460
2024,41,1346152,375299,134852,29,0,0.39313383629783422,-10,-1.9384712939703972,7659207,820,17840,7236,75296,11962,65755,9368,6149,33877,2129,867,387088
2024,42,1347176,373327,128717,52,2,0.44015411543588928,-10,-1.8692267322806642,7732769,688,17810,4850,75885,10683,55138,9309,6706,33409,1897,1090,390012
2024,43,1364033,377747,131624,37,1,0.45098256420482569,-10,-1.8922896233955009,7811098,783,17248,5073,72226,10945,53079,7713,5109,38510,1846,664,392393
2024,44,1254609,347597,116831,39,3,0.45146029676201521,-10,-1.8120785934428338,7178773,432,15030,4181,67769,11007,47291,7012,5544,36340,1681,619,367148
2024,45,1271969,332958,109701,41,5,0.58228730417172114,-10,-1.3890918842445126,7186961,350,14770,2911,66416,11457,34525,6862,6024,32891,1428,702,375418
2024,46,1283509,334321,109898,46,8,0.613604455296666,-10,-1.514920641829774,7382902,648,14157,3844,67565,11162,33507,7394,5920,36529,1341,789,380022
2024,47,1330780,373703,122727,27,3,0.43055731309053769,-10,-1.8647187201510123,7650929,464,16276,10059,77759,11441,36983,7524,6539,58564,1293,602,389066
2024,48,1257742,340450,112639,46,5,0.54456327291288587,-10,-1.8179554936382347,7375003,518,15436,4766,71490,12037,32192,8218,5227,41938,1297,418,371050
2024,49,1377979,366749,118072,54,4,0.59926631470091873,-10,-1.8548762048441327,7886230,730,16975,2384,78372,13733,28377,8409,5644,36621,1580,541,393429
2024,50,1364115,365356,121098,64,5,0.57184115708719607,-10,-1.8518501194330492,7804283,1170,16586,3223,78511,11246,32989,7559,5240,34660,2063,546,388728
2024,51,1281508,350415,114766,58,3,0.54305222613428972,-10,-1.905299631986564,7438407,330,16883,3406,76291,10492,29688,7437,7409,39016,1782,3067,375318
2024,52,949350,271623,97640,17,0,0.33678906620319032,-10,-2.0835773440312715,5522300,214,13304,3388,55749,8197,27486,6163,3958,37489,1453,3575,282341
2024,53,0,0,0,0,0,0,0,0,0,0,0,0,0,0,0,0,0,0,0,0,0
2025,1,919021,260780,95129,32,2,0.34563356006010804,-10,-2.0768659745865943,5350231,580,14550,2611,54662,7841,24788,5559,4165,26301,1413,2015,272569
2025,2,1215343,331720,106566,33,1,0.51716758149757058,-10,-1.8977143041791291,6944406,550,14244,2075,75535,9368,23897,7224,5252,29431,1493,1639,356623
2025,3,1331295,341692,108486,43,3,0.7486108513366434,-10,-1.7296232333106227,7578600,468,14073,2954,78561,10083,29398,8990,5079,34642,1922,1235,384748
2025,4,1339913,352906,108689,40,1,0.68119706279437608,-10,-1.8023026911869386,7567102,456,14829,1287,80557,10691,27368,8795,5209,29354,2329,926,384383
2025,5,1300050,344200,103749,51,3,0.66332258501224817,-10,-2.0208364829782304,7431726,2800,14983,1482,77260,10646,27036,7779,5910,29928,4519,422,373344
2025,6,1328380,351184,100618,43,3,0.70618763061061074,-10,-1.8834239553041896,7482029,1748,14274,1271,77023,12285,30057,9197,4815,29172,3860,438,378945
2025,7,1371168,340967,94805,40,0,0.85141534168689015,-10,-1.6990551799880671,7703202,480,13226,1349,74611,10459,26883,7165,7791,37083,3883,629,384022
2025,8,1372068,341474,97175,70,3,0.86041936941533459,-10,-1.7273556133787733,7743692,1664,13904,1286,70654,11773,22987,7629,7472,45866,2208,366,381944
2025,9,1391810,347822,98788,58,5,0.8590032109290856,-10,-1.5783113143475052,7818991,650,13635,1162,74721,12024,22023,7885,5659,48504,2298,259,390767
2025,10,1360970,357827,105258,45,3,0.71014188513990362,-10,-1.6653602246898294,7649744,1200,13929,2122,77485,14408,22894,7995,5100,50907,2592,584,385787
2025,11,1374805,366363,109425,51,2,0.65400394531835493,-10,-1.8928204625519802,7749461,436,14303,2044,81635,15594,25685,6831,5471,46919,1604,2217,385498
2025,12,1376071,387363,118650,47,4,0.484356475792309,-10,-2.0722791004001309,7794519,496,15455,2993,84075,17453,37289,7429,5515,42456,2300,4292,388961
2025,13,1353205,373264,109597,41,5,0.540932456399645,-10,-1.9428766835635904,7693937,1025,14333,2591,83150,17227,31165,7572,5131,38960,1818,4257,382152
2025,14,1259550,339574,96752,36,4,0.63231439799928557,-10,-1.8821518866398561,7189059,750,13327,2509,74476,14995,29812,9558,5308,32368,1593,2034,362502
2025,15,1301362,342005,101497,67,7,0.68080104691523347,-10,-1.7736493865653893,7379276,1170,14250,2560,75850,13175,28635,14211,4805,34761,1934,1469,371995
2025,16,1279459,341510,103354,57,1,0.630520206275488,-10,-1.8659885323548386,7176111,1010,15704,2928,75443,12123,25606,10429,4960,39882,1593,2022,357594
2025,17,1406787,358647,114774,53,1,0.66774337550745155,-10,-1.9318909041782446,7703130,1080,17498,2556,75911,11190,23038,9063,4234,41854,1724,2115,378344
2025,18,1278758,349771,111920,46,4,0.535303823809327,-10,-1.84308378731594,7233580,530,15873,2171,74211,11772,27581,8370,4811,33171,1547,2816,365226
2025,19,1400975,372103,127968,53,7,0.55204318421099674,-10,-1.7519073010643069,7789713,630,18364,6364,77570,10203,27962,8208,6876,35514,1380,4090,394444
2025,20,1427820,350008,107444,37,1,0.83980005771067623,-10,-1.6299579461457079,7873764,560,14732,2308,77515,9884,26084,7534,6281,39090,1445,1749,393186
2025,21,1354024,358905,114490,25,1,0.6120694022757468,-10,-1.8238876990468784,7633843,545,20769,2580,77935,10350,36908,7647,5447,36193,1503,1113,385506
2025,22,1262655,335354,103647,47,1,0.61479219927581064,-10,-1.7489632141275167,7180247,810,16209,2589,72664,10028,28373,9644,6837,41084,1425,1289,364968
2025,23,1257712,349866,109738,65,7,0.46883038406248639,-10,-1.9835005196182203,7131055,490,17113,2721,78542,10454,28615,8685,6470,42107,2351,1580,363986
2025,24,1151909,346769,110194,50,6,0.24666275431718371,-10,-2.2898983360126026,6554298,530,14886,4020,74978,17306,57721,6750,3745,25373,1990,1260,329327
2025,25,5627,1778,551,1,0,0.26626977074817842,-10,-2.7369280373414635,27432,160,125,15,432,54,342,31,15,71,2,6,2318
2025,26,10548,2185,624,0,0,1.2771141448615857,-10,-2.0526902952312174,49568,40,77,24,634,75,314,51,25,147,6,6,3915
2025,27,844860,224744,71910,47,1,0.60547818573491263,-10,-1.8408734681944547,4848552,760,9539,2205,49439,6687,23541,5902,3534,25027,1139,876,247018
2025,28,1268044,337629,108111,75,3,0.59375423388638748,-10,-1.9292689262790619,7188685,432,15559,3080,72847,9961,32214,8862,5235,34768,1463,2395,366124
2025,29,1252729,346196,110845,49,2,0.54171833403180969,-10,-2.0111141875419389,7143760,570,15371,2023,74615,9888,33294,7620,5358,33129,1510,1589,362176
2025,30,1238688,337130,104791,41,0,0.60467260520809429,-10,-2.15676219456492,7067315,540,15109,2265,74411,10761,30596,7039,4256,29518,1581,1233,357109
2025,31,1221794,335558,103690,51,1,0.567997141907718,-10,-2.065178262086155,6908359,1270,15719,2167,72826,10183,31286,6794,4757,31233,1783,829,352474
2025,32,1219706,325554,99204,35,2,0.63917804782463994,-10,-1.9789634373849023,6837533,700,16005,1545,69392,10881,28375,7437,4456,33878,1636,550,351029
2025,33,1244913,327306,99806,62,5,0.66868276633207591,-10,-1.8999014263653158,6859696,350,14415,1488,68563,10800,27508,7397,4111,40879,1898,831,348434
2025,34,1276959,336720,100989,67,3,0.68201436539024884,-10,-1.8513173455708289,7055051,360,14320,2389,71518,9832,27873,7265,5624,45317,1763,1025,354901
2025,35,1240391,340925,108312,50,3,0.529222193736468,-10,-2.0126593534582997,7022233,490,17362,2139,69205,11737,33881,8031,5932,39152,2351,2133,354022
2025,36,1232396,330411,97857,69,2,0.59155061121321573,-10,-1.8377427695882216,7014898,558,14868,1965,69267,12045,25571,10255,5149,35676,1860,1570,357839
2025,37,1303765,389623,132817,37,4,0.23038918205804557,-10,-2.3379606404713851,7388705,310,25371,2260,77123,12678,39483,7132,5805,45290,2244,1528,373913
2025,38,1266069,352940,110836,50,2,0.46516548466157903,-10,-1.9234121333089116,7176828,620,18404,1529,71328,11624,34968,8131,5595,35842,2058,1175,365399
2025,39,1302198,347879,102384,33,4,0.60096582854527414,-10,-1.8486309647060162,7354786,380,18044,1405,71545,11325,33957,6689,5347,41194,2010,1072,372726
2025,40,1225426,335562,99129,46,2,0.56521796963171056,-10,-1.8971445873655974,7041291,810,16151,1971,71407,14925,32484,5881,5863,33761,1764,764,360193
2025,41,1256671,334020,101480,59,2,0.66519380585197008,-10,-1.7047693089366505,7111463,392,14778,1775,69278,11995,31156,6891,5374,28878,2659,580,360170
2025,42,1282041,330476,99778,75,8,0.72841375329558322,-10,-1.7267577499621753,7273174,700,13402,1714,68728,15196,27105,8659,5286,31936,2367,936,366463
2025,43,250758,64251,18926,19,0,0.73492678141301071,-10,-1.6720074758465742,1442013,290,2656,294,13060,3262,5083,1468,926,7088,395,237,70746
