iso_year,week,total_events,conflict_events,severe_events,avg_impact,avg_sentiment,total_media_mentions,middle_east_events,middle_east_impact,middle_east_media,asia_events,asia_impact,europe_events,europe_impact,ukraine_russia_events,ukraine_russia_impact,military_conflict_events,protest_events,trade_restriction_events,cooperation_breakdown_events,extreme_crisis_events,worst_event_impact,peak_media_attention,media_attention_volatility,egypt_events,egypt_impact,yemen_events,yemen_impact
2018,0,66868,66868,28034,-5.6999910268297755,-4.5539347322838406,356722,0,,0,0,,0,,14900,-5.9333131964022021,14834,5467,13455,0,18628,-10,295,5.6951224139922045,0,,0,
2018,1,74501,74501,31761,-5.9005583817666851,-4.1759278138038756,396438,0,,0,0,,0,,22611,-6.1407279642651815,19316,3674,14800,0,23345,-10,365,6.10672493987932,0,,0,
2018,2,70590,70590,27372,-5.6754781130471805,-3.7880869946652287,364143,0,,0,0,,0,,22458,-5.6060557485083242,15858,2459,14497,0,20182,-10,220,5.1633891311963591,0,,0,
2018,3,67256,67256,25037,-5.5565391935292068,-3.6316289350598261,354939,0,,0,0,,0,,24280,-5.5905436573311329,13924,2649,13854,0,17648,-10,400,6.0047318429625616,0,,0,
2018,4,71529,71529,29242,-5.7811279341246262,-3.9644156483926452,394482,0,,0,0,,0,,26964,-5.8459835336003536,17198,3275,15013,0,21012,-10,270,6.3075137750243728,0,,0,
2018,5,80198,80198,35339,-6.1036361369162693,-4.1059121752498564,423593,0,,0,0,,0,,27830,-5.937686419664356,24643,2295,13754,0,29403,-10,180,5.316969706545807,0,,0,
2018,6,83549,83549,34115,-5.9062382553950368,-4.0962562722287794,426337,0,,0,0,,0,,29993,-5.7042676624545718,23228,2354,15821,0,27233,-10,210,5.31942344854854,0,,0,
2018,7,81413,81413,31772,-5.7475661135199561,-4.2377025839576481,420962,0,,0,0,,0,,32035,-5.70172935851413,20212,2521,16801,0,24525,-10,312,5.6643219379574923,0,,0,
2018,8,72369,72369,27019,-5.6174162970332571,-3.9961592621443445,392041,0,,0,0,,0,,30775,-5.6036620633631165,15671,2824,14970,0,19459,-10,269,5.7237016294507157,0,,0,
2018,9,68680,68680,26390,-5.6404630168899192,-3.6629238120263663,350908,0,,0,0,,0,,27120,-5.6820390855457212,14610,3094,14580,0,18619,-10,200,5.1711702170748506,0,,0,
2018,10,86565,86565,31919,-5.4837798186334039,-4.0966961604737788,442683,0,,0,0,,0,,46054,-5.2827311417032172,15908,3191,18455,0,21161,-10,316,5.8046333618902137,0,,0,
2018,11,84115,84115,30161,-5.4473030969506055,-3.7307903447258459,431335,0,,0,0,,0,,39864,-5.1594897652016867,15967,3157,18490,0,20891,-10,758,6.1130553723555892,0,,0,
2018,12,111968,111968,36538,-5.462156295224311,-4.0263140422275514,556437,0,,0,0,,0,,56936,-5.0075031614444292,19624,4480,38186,0,24668,-10,320,5.7374645068982346,0,,0,
2018,13,86847,86847,32225,-5.5938984651168147,-4.2232037302452419,440954,0,,0,0,,0,,35256,-5.2079589289766286,18426,3418,20027,0,23239,-10,282,5.7398715207441011,0,,0,
2018,14,116134,116134,50922,-5.89279625260475,-4.6178337652304755,565694,0,,0,0,,0,,56153,-5.7225793813331469,31309,2835,15395,0,37618,-10,300,5.5751332571922205,0,,0,
2018,15,87026,87026,36208,-5.7693229609542005,-4.0225492894726074,439890,0,,0,0,,0,,37230,-5.5743943056674752,20898,2472,15539,0,25581,-10,270,5.1860680553228438,0,,0,
2018,16,73413,73413,30499,-5.8600615694767937,-3.8436401130989108,378922,0,,0,0,,0,,22552,-5.601068641362188,18074,2493,13791,0,22542,-10,413,5.3038857674146387,0,,0,
2018,17,72306,72306,27804,-5.6054545957458561,-3.5725514303973775,372482,0,,0,0,,0,,20192,-5.7842759508716348,15863,2805,14650,0,19667,-10,200,5.3367158101291334,0,,0,
2018,18,104832,104832,48365,-6.0821320232757845,-3.5929682812929924,519473,0,,0,0,,0,,21661,-5.8243709893356668,29937,3726,17081,0,35463,-10,284,5.7235351149967446,0,,0,
2018,19,108231,108231,47631,-5.8461586081364558,-4.09582479731037,530923,0,,0,0,,0,,23824,-5.5646671144320363,26048,7511,19618,0,33387,-10,240,5.1865171455381649,0,,0,
2018,20,81300,81300,32262,-5.7186469864698628,-3.5988665410329586,419450,0,,0,0,,0,,27007,-5.7131854704335936,18399,2992,16877,0,22823,-10,288,5.1678040387851185,0,,0,
2018,21,83679,83679,37694,-6.115894071391871,-4.1383290826905927,421596,0,,0,0,,0,,33188,-6.2869591418585058,25260,2655,14111,0,30054,-10,540,5.5903805660719854,0,,0,
2018,22,72421,72421,28847,-5.7828737520884852,-3.7841000999460124,371848,0,,0,0,,0,,24043,-5.5383645967641328,16758,3007,15148,0,20669,-10,430,5.6911563430302721,0,,0,
2018,23,64069,64069,24654,-5.6400630570166532,-3.4579314809327339,326138,0,,0,0,,0,,18550,-5.5301347708894868,14075,2274,13051,0,17446,-10,300,5.3172047790123864,0,,0,
2018,24,63540,63540,24432,-5.6990635819955928,-3.8244827462382527,335089,0,,0,0,,0,,17916,-5.6648861352980573,14457,2204,13126,0,17835,-10,252,5.1445743164272324,0,,0,
2018,25,60294,60294,23990,-5.8223737021925892,-3.7072067357828811,316019,0,,0,0,,0,,19933,-5.8909797822706089,14531,2174,12840,0,17787,-10,250,5.0929077540913719,0,,0,
2018,26,66743,66743,25584,-5.7191465771691448,-3.835695220155853,350811,0,,0,0,,0,,20839,-5.8586592446854464,14255,2280,15475,0,18371,-10,630,5.4964756917762054,0,,0,
2018,27,73694,73694,26737,-5.570868727440498,-3.8176421792921005,375526,0,,0,0,,0,,26481,-5.2295419357275028,16203,2106,16311,0,19612,-10,384,5.3920589977040745,0,,0,
2018,28,79948,79948,29138,-5.5167921649071872,-3.7000303248261561,396898,0,,0,0,,0,,39223,-5.0415419524258711,16943,2854,16528,0,21063,-10,480,5.7259897409565808,0,,0,
2018,29,77388,77388,30759,-5.7523672920866336,-4.0139835613763672,393551,0,,0,0,,0,,25922,-5.360678188411387,18440,2573,14266,0,22815,-10,188,5.40705386165061,0,,0,
2018,30,70443,70443,27764,-5.7659568729327244,-3.9004950465334711,370438,0,,0,0,,0,,26205,-5.7747719900782295,15656,2714,15181,0,19863,-10,414,6.8302712917874517,0,,0,
2018,31,75605,75605,31788,-5.8904569803584446,-4.26765485898592,394886,0,,0,0,,0,,28038,-5.640470076324986,17447,2903,17506,0,22158,-10,312,5.84579175493983,0,,0,
2018,32,62355,62355,23825,-5.6702012669393005,-3.8823781233169314,326076,0,,0,0,,0,,22409,-5.5458030255700832,13339,2498,14215,0,16847,-10,260,5.1233197991010213,0,,0,
2018,33,70205,70205,25871,-5.5599658144006838,-3.878167430572582,362102,0,,0,0,,0,,29384,-5.5618670024503087,13734,2782,17480,0,17262,-10,220,5.12922472171842,0,,0,
2018,34,74890,74890,30349,-5.69857121873706,-4.1048432438346021,383702,0,,0,0,,0,,29127,-5.8187289706791185,15723,2979,15108,0,20358,-10,134,4.8158146652381308,0,,0,
2018,35,79101,79101,32632,-5.7873528779661418,-4.167452559621192,392049,0,,0,0,,0,,33071,-5.8094221523389065,18633,3018,14704,0,23642,-10,254,5.1226635128879678,0,,0,
2018,36,75941,75941,30982,-5.6934317430636963,-4.0131936343923487,390246,0,,0,0,,0,,31654,-5.6217223731597938,15704,3037,16027,0,20487,-10,250,5.5559853851417227,0,,0,
2018,37,86424,86424,38725,-6.0071334351569021,-4.0239943940464746,433808,0,,0,0,,0,,35925,-5.9549255393180225,23871,2449,15118,0,28889,-10,400,5.4207134408477744,0,,0,
2018,38,86635,86635,31788,-5.4490956310959779,-3.8962437909422158,438657,0,,0,0,,0,,29435,-5.6597757771360619,17677,2568,15823,0,22054,-10,512,6.142016812127431,0,,0,
2018,39,72983,72983,27698,-5.5350067824013793,-3.9335091870439531,372101,0,,0,0,,0,,27642,-5.2975435930829908,15364,2413,15264,0,19366,-10,261,4.9384866143149742,0,,0,
2018,40,63925,63925,25244,-5.7032569926788055,-3.9351891279236662,330488,0,,0,0,,0,,22660,-5.5816364358533042,14289,2149,13992,0,18039,-10,468,5.6052749491674119,0,,0,
2018,41,64258,64258,26564,-5.8291652401257465,-3.9150009502204237,339890,0,,0,0,,0,,23104,-5.7536443905817158,15135,1896,13788,0,19519,-10,714,6.738860175966682,0,,0,
2018,42,65206,65206,25847,-5.7047879029537141,-3.6823278010735878,335379,0,,0,0,,0,,24845,-5.3375327027570938,14294,2271,13456,0,18436,-10,420,5.9778654856898736,0,,0,
2018,43,64992,64992,26661,-5.7709271910388944,-3.8272398376232695,334933,0,,0,0,,0,,21032,-5.6779764168885514,14766,2113,13727,0,18656,-10,272,5.5893605181854795,0,,0,
2018,44,68307,68307,27875,-5.7430658644062875,-3.8123666339850657,344707,0,,0,0,,0,,23823,-5.57161566553331,15097,2381,15219,0,18823,-10,258,4.8631262660917054,0,,0,
2018,45,66868,66868,29220,-5.9667853083687277,-3.9568102730541481,343298,0,,0,0,,0,,21404,-5.2768267613530151,18173,2296,12238,0,22011,-10,176,5.10851034526584,0,,0,
2018,46,62006,62006,23760,-5.6053236783537086,-3.7859128902817321,321371,0,,0,0,,0,,22164,-5.39202310052337,13492,2058,12936,0,17055,-10,260,5.3582483268692611,0,,0,
2018,47,107185,107185,43481,-5.6966040024257163,-3.8265086757727063,550747,0,,0,0,,0,,66853,-5.7157509760220142,22636,3035,26137,0,28122,-10,324,5.26100587805368,0,,0,
2018,48,82265,82265,28841,-5.4614781498814811,-3.7314975504874868,423223,0,,0,0,,0,,36177,-5.4867595433562748,15822,2509,19710,0,19505,-10,270,5.2605589422387675,0,,0,
2018,49,75869,75869,27650,-5.6236209782651647,-4.3223286179162272,382628,0,,0,0,,0,,26152,-5.49336188436831,15432,2539,19516,0,19526,-10,230,5.0369266178803169,0,,0,
2018,50,67839,67839,24448,-5.5758590191482762,-3.9034374878482789,347033,0,,0,0,,0,,26552,-5.4724201566736976,13693,2011,16903,0,17175,-10,180,4.8538084547933789,0,,0,
2018,51,55091,55091,21769,-5.8009693053311793,-3.9543683841232382,285357,0,,0,0,,0,,21449,-5.6497272600121207,13188,1535,12506,0,16367,-10,260,4.593867254137681,0,,0,
2018,52,6470,6470,2587,-5.8030448222565667,-4.056007683581079,32282,0,,0,0,,0,,2259,-5.7112881806108886,1561,208,1667,0,1913,-10,144,4.8499718373227445,0,,0,
2019,0,36297,36297,12694,-5.6197840041876734,-3.9379057437074656,178481,0,,0,0,,0,,12619,-5.5596719232902734,7739,1074,9109,0,9485,-10,110,4.3590234086834228,0,,0,
2019,1,61867,61867,22990,-5.6682528650168917,-3.9755098332157282,308157,0,,0,0,,0,,19722,-5.5224723658858084,13634,1776,15289,0,17091,-10,120,4.4587564411449137,0,,0,
2019,2,68694,68694,23663,-5.5147116196465431,-3.8756582353760334,336229,0,,0,0,,0,,23776,-5.4336263458950169,13457,2147,17045,0,17373,-10,150,4.4363876826479256,0,,0,
2019,3,69447,69447,26814,-5.7653077975376208,-3.94720522161747,341677,0,,0,0,,0,,24716,-5.4530387634539146,16697,2117,15519,0,20274,-10,140,4.4715131585682739,0,,0,
2019,4,64464,64464,22660,-5.4838405931993091,-3.943731879230556,319417,0,,0,0,,0,,24124,-5.367957221024704,12918,1821,14828,0,16187,-10,156,4.6127452923801089,0,,0,
2019,5,56349,56349,19660,-5.4884150561678124,-3.4589967489161206,283703,0,,0,0,,0,,23185,-5.25140392495148,11632,1765,12235,0,14350,-10,120,4.4324352147116111,0,,0,
2019,6,67263,67263,23508,-5.4308163477692029,-3.574343138145013,333794,0,,0,0,,0,,23965,-5.3420529939495065,13090,2258,13502,0,17033,-10,126,4.52969433797564,0,,0,
2019,7,63894,63894,22630,-5.4831596081009142,-3.746230573083098,319915,0,,0,0,,0,,22678,-5.43774142340594,12382,1904,14880,0,16093,-10,170,4.606269838766214,0,,0,
2019,8,60510,60510,19994,-5.3983671580617463,-3.6366922113300957,294117,0,,0,0,,0,,23104,-5.2942385940611238,11301,2029,13678,0,14408,-10,210,4.4911192447378374,0,,0,
2019,9,62086,62086,21057,-5.4018635441162273,-3.9029105364098187,307646,0,,0,0,,0,,21135,-5.3801750650579621,11484,2160,15194,0,14888,-10,152,4.7945419469401473,0,,0,
2019,10,63797,63797,23004,-5.5654780005329405,-3.8652087531858714,324198,0,,0,0,,0,,21520,-5.5837035315985153,13008,2507,15751,0,16236,-10,168,4.987923584159728,0,,0,
2019,11,65799,65799,25568,-5.6975468887740517,-4.0644352751670487,329966,0,,0,0,,0,,21633,-5.4139818753467734,15163,2402,14144,0,18761,-10,180,4.7351391495510162,0,,0,
2019,12,74075,74075,29481,-5.7474735065811666,-3.8590408793755571,357156,0,,0,0,,0,,25159,-5.2375770102150314,17276,3088,14791,0,21624,-10,180,4.5859564113370066,0,,0,
2019,13,54517,54517,20622,-5.6316983693159939,-3.4687968267600593,271606,0,,0,0,,0,,19152,-5.4364661654135356,11888,2424,11142,0,14769,-10,180,4.6363135722723632,0,,0,
2019,14,57346,57346,19159,-5.3999703553866061,-3.5342776048461344,285722,0,,0,0,,0,,20185,-5.2940351746346312,10971,2173,13068,0,13716,-10,310,4.9225092610930048,0,,0,
2019,15,52231,52231,17889,-5.4341080967241684,-3.5116468309695814,258331,0,,0,0,,0,,20420,-5.3212242899118474,10178,1789,11295,0,12996,-10,198,4.6121677124963609,0,,0,
2019,16,54592,54592,18946,-5.4561688252211988,-3.4517739118137825,270950,0,,0,0,,0,,21608,-5.2444619301087716,10216,1630,12316,0,12852,-10,136,4.5980133275428221,0,,0,
2019,17,54865,54865,20020,-5.6292557554546976,-3.6200863733441695,264207,0,,0,0,,0,,19476,-5.29953275826658,12141,1914,11299,0,14810,-10,160,4.4682217669285667,0,,0,
2019,18,68023,68023,27519,-5.8435384751095247,-3.8909681330367922,339004,0,,0,0,,0,,20007,-5.5914367126574644,17039,1533,13637,0,20440,-10,270,5.3019591514939561,0,,0,
2019,19,68856,68856,25126,-5.52708405948646,-3.8984504471734254,342673,0,,0,0,,0,,19198,-5.4207677883112817,13478,1771,14763,0,16728,-10,210,4.7603698515037491,0,,0,
2019,20,66866,66866,23541,-5.4493479496306065,-3.6469250579874779,337179,0,,0,0,,0,,20618,-5.3811426908526485,12862,2050,13314,0,15746,-10,260,5.2634896979824255,0,,0,
2019,21,61764,61764,21590,-5.483576193251734,-3.4829614641169493,309346,0,,0,0,,0,,20212,-5.3485602612309515,12282,1997,12693,0,15023,-10,144,4.5454696467382174,0,,0,
2019,22,63427,63427,24340,-5.6606129881596194,-3.7237495328467527,323322,0,,0,0,,0,,21366,-5.4134044743985754,14313,2257,12391,0,17495,-10,170,4.92801504877557,0,,0,
2019,23,65806,65806,24336,-5.5001125184362927,-3.816956456652838,333479,0,,0,0,,0,,19448,-5.5472542163718614,13428,3099,12138,0,17043,-10,160,4.7543664026795769,0,,0,
2019,24,85507,85507,34018,-5.6486081545767162,-4.1402325207895689,424134,0,,0,0,,0,,24885,-5.7169218404661448,19987,3621,15265,0,23744,-10,160,4.8241523112945854,0,,0,
2019,25,76486,76486,28561,-5.5439158004837559,-3.693458316431129,383439,0,,0,0,,0,,24274,-5.3116420861827454,14879,3248,15980,0,18191,-10,168,4.95101940808758,0,,0,
2019,26,61707,61707,22822,-5.5766236081622029,-3.5900881792308184,315706,0,,0,0,,0,,18817,-5.5654514534729218,13010,2631,12512,0,16098,-10,174,4.8345686208145606,0,,0,
2019,27,63821,63821,22085,-5.4619578162216404,-3.7496694106856876,326588,0,,0,0,,0,,21463,-5.49455807669012,12322,2229,13449,0,15342,-10,126,4.503760084585263,0,,0,
2019,28,67728,67728,23420,-5.4676352468698282,-3.7610045262591143,340690,0,,0,0,,0,,21808,-5.5853723404255362,12791,2083,15472,0,16762,-10,244,5.0025934926766249,0,,0,
2019,29,69500,69500,25158,-5.5242964028777042,-3.9726085032151333,345892,0,,0,0,,0,,23687,-5.637911090471567,13384,2476,16247,0,17414,-10,140,4.6135772124142891,0,,0,
2019,30,61654,61654,23427,-5.6043517046744711,-3.93199484900663,318592,0,,0,0,,0,,21388,-5.6466897325603123,12368,2544,13906,0,15916,-10,170,4.8237283614533526,0,,0,
2019,31,54927,54927,21102,-5.6077393631547334,-4.1624550617389007,287432,0,,0,0,,0,,18305,-5.8510844031685325,11716,2545,10943,0,14858,-10,120,4.7386633995163079,0,,0,
2019,32,59272,59272,21698,-5.5343399919017386,-3.8549167680321124,298189,0,,0,0,,0,,16631,-5.6328783596897321,11615,2878,13001,0,14778,-10,180,4.369788039920727,0,,0,
2019,33,64836,64836,23981,-5.579138133135908,-3.7338313316894087,324944,0,,0,0,,0,,19423,-5.6417597693456223,13783,2835,13676,0,16816,-10,170,4.973729082675133,0,,0,
2019,34,68648,68648,28836,-5.9172826197794537,-4.0171361822650136,335783,0,,0,0,,0,,18969,-5.8415203753492566,18359,2000,12529,0,21847,-10,220,4.6730862031036553,0,,0,
2019,35,61217,61217,25699,-5.907496528628605,-4.0584019134999263,308940,0,,0,0,,0,,21245,-5.9658554954106835,15682,2263,12425,0,19161,-10,160,4.6563979066118382,0,,0,
2019,36,59678,59678,21924,-5.6259760715841667,-3.6880590298732194,294379,0,,0,0,,0,,19682,-5.65492836093893,13617,1770,12830,0,16519,-10,170,4.6066325760887219,0,,0,
2019,37,73395,73395,27948,-5.5140677157844591,-4.0807873154125565,360076,0,,0,0,,0,,19091,-5.6780367712534723,15676,2096,12705,0,19666,-10,240,4.8425413974629956,0,,0,
2019,38,71122,71122,23447,-5.1839740164787251,-3.7942809944558946,343001,0,,0,0,,0,,24717,-5.1245984545049987,12011,2520,14207,0,15438,-10,210,4.908724662069174,0,,0,
2019,39,58099,58099,20659,-5.4051343396616094,-3.8537406495599784,282334,0,,0,0,,0,,23877,-5.1893830883276779,10691,2934,11985,0,13890,-10,142,4.4652232871912521,0,,0,
2019,40,61151,61151,20723,-5.3365161649032666,-3.8718913905352648,298359,0,,0,0,,0,,23329,-5.2071970508808709,11505,2664,12665,0,14734,-10,340,4.752723503099018,0,,0,
2019,41,52646,52646,18867,-5.4907229419139112,-3.6323956374781727,256148,0,,0,0,,0,,22469,-5.4115803996617577,10305,2199,11487,0,12943,-10,133,4.4227400040981077,0,,0,
2019,42,50878,50878,18714,-5.5152148276268731,-3.5211847937597236,249867,0,,0,0,,0,,22792,-5.4679229554229547,9386,1914,11288,0,12339,-10,120,4.3459425244991481,0,,0,
2019,43,49967,49967,19140,-5.632339343967014,-3.5840839996653893,246090,0,,0,0,,0,,21242,-5.4885745221730557,10731,1960,10375,0,13397,-10,138,4.4038749167818416,0,,0,
2019,44,53846,53846,19085,-5.4672096133130319,-3.4831347289443371,272155,0,,0,0,,0,,21279,-5.3987780806466761,10460,2354,11183,0,13191,-10,148,4.6983639312198529,0,,0,
2019,45,62116,62116,24986,-5.801334599781053,-4.3081696447398921,307287,0,,0,0,,0,,24267,-5.2820332138294788,16056,2065,11897,0,19431,-10,198,4.8020904679262184,0,,0,
2019,46,67150,67150,24452,-5.4826239761727473,-4.0080980610933787,333629,0,,0,0,,0,,24735,-5.2743763897311515,13638,3169,13148,0,17465,-10,208,4.5927280719463619,0,,0,
2019,47,55496,55496,20601,-5.5220474285508363,-4.1830627220150429,281702,0,,0,0,,0,,18096,-5.3033874889478332,10751,2921,12181,0,14472,-10,170,4.48838647271262,0,,0,
2019,48,59157,59157,21352,-5.4767956454857387,-3.97479616925292,294799,0,,0,0,,0,,23307,-5.4316943407559917,11659,2502,13212,0,14765,-10,300,4.7362435472172688,0,,0,
2019,49,54491,54491,19770,-5.519764731790568,-3.7307416665812925,269750,0,,0,0,,0,,23177,-5.5754541139923184,10843,2010,12691,0,13503,-10,160,4.4712879014886475,0,,0,
2019,50,51130,51130,18308,-5.5320575004889472,-3.6623665460244226,258345,0,,0,0,,0,,21725,-5.526209436133481,10220,1845,12273,0,12720,-10,160,4.5329389629556518,0,,0,
2019,51,45679,45679,18069,-5.7133934630793171,-3.9693085525829352,232250,0,,0,0,,0,,18130,-5.6311748483177047,10643,2029,9691,0,13030,-10,206,4.5750683688070151,0,,0,
2019,52,12547,12547,5010,-5.7669562445206042,-4.2424465516068617,62163,0,,0,0,,0,,4574,-5.7719938784433751,3014,587,2824,0,3671,-10,82,4.260974085076934,0,,0,
2020,0,11051,11051,5794,-6.5907248212831453,-4.1570152310329895,53295,0,,0,0,,0,,1994,-6.3271815446339037,3974,308,1486,0,4716,-10,88,4.40220404845362,0,,0,
2020,1,126586,126586,70717,-6.6777464410421654,-4.5786445259611321,572742,0,,0,0,,0,,22391,-6.5653459597087584,44620,4671,16112,0,53992,-10,168,4.5297525451363825,0,,0,
2020,2,89566,89566,41911,-6.1127548400062546,-4.3801202050632737,424875,0,,0,0,,0,,25945,-6.0501599537483139,25882,4871,14642,0,31164,-10,198,4.5481548330131689,0,,0,
2020,3,63800,63800,24765,-5.8002398119122249,-4.0390707855488373,318683,0,,0,0,,0,,21910,-5.62801004107713,16194,1886,13719,0,19196,-10,230,4.650811529591409,0,,0,
2020,4,84693,84693,25220,-5.352228073489826,-3.6249896751747781,416703,0,,0,0,,0,,22397,-5.4078362207537056,14804,2698,29694,0,17742,-10,110,4.5355537405872726,0,,0,
2020,5,78998,78998,25344,-5.5022241069394155,-3.9459648465554404,390385,0,,0,0,,0,,21927,-5.5260637570119018,16760,2087,25867,0,19601,-10,280,4.5577071747796367,0,,0,
2020,6,67557,67557,22652,-5.509436615548581,-3.8293356827017817,341728,0,,0,0,,0,,20847,-5.51809852736605,14252,1833,17461,0,17370,-10,272,4.7837956748487453,0,,0,
2020,7,69693,69693,25355,-5.6426183404359165,-4.1259360777441092,356836,0,,0,0,,0,,27565,-5.6416760384545617,15684,2469,18162,0,18935,-10,120,4.3968003775710027,0,,0,
2020,8,62647,62647,22694,-5.7089102431082139,-4.09535561981961,318750,0,,0,0,,0,,20961,-5.79368350746625,14842,1880,17216,0,17703,-10,180,4.459345560822479,0,,0,
2020,9,56104,56104,19403,-5.5910808498502762,-3.8472202127296038,283113,0,,0,0,,0,,20306,-5.9731113956466118,12621,1605,15350,0,14858,-10,194,4.43550360947309,0,,0,
2020,10,47843,47843,16437,-5.6297918147234638,-3.993044443043118,248184,0,,0,0,,0,,15788,-5.77395325267625,11133,1516,14018,0,12872,-10,110,4.4619296984926144,0,,0,
2020,11,45338,45338,14128,-5.4741563368476793,-4.0454686868767169,243972,0,,0,0,,0,,13076,-5.6239216885897827,9233,1322,14650,0,10665,-10,150,4.73333362725698,0,,0,
2020,12,40807,40807,13556,-5.5263092116548611,-4.0767459550678362,222748,0,,0,0,,0,,11058,-5.7473774642792579,8768,1145,11038,0,10107,-10,150,4.7406587070918507,0,,0,
2020,13,40815,40815,14133,-5.5701384294989555,-4.0479471136820573,219854,0,,0,0,,0,,12236,-5.6108777378228138,9332,1076,9417,0,10856,-10,184,4.5314137656443823,0,,0,
2020,14,38661,38661,13161,-5.5045033626487285,-3.9803406068007328,207952,0,,0,0,,0,,11819,-5.8642778576867771,8685,993,8687,0,10282,-10,140,4.6182734894784909,0,,0,
2020,15,39583,39583,13155,-5.4003663188742692,-3.9576641794070584,212124,0,,0,0,,0,,11336,-5.7111856033874435,8645,999,8099,0,10164,-10,140,4.5186369403179416,0,,0,
2020,16,43637,43637,14726,-5.3648600957902683,-4.0645404581664524,227865,0,,0,0,,0,,10985,-5.6819481110605343,8986,1510,8422,0,11034,-10,120,4.3780380404164729,0,,0,
2020,17,43189,43189,15102,-5.46381022945658,-3.9537893416088621,224486,0,,0,0,,0,,11850,-5.7457974683544348,9318,1397,8650,0,11287,-10,150,4.32720891966008,0,,0,
2020,18,47483,47483,16936,-5.5206600256934,-3.8171009223784278,240159,0,,0,0,,0,,13608,-5.7602439741328579,10991,1435,9121,0,13202,-10,110,4.2584055306578534,0,,0,
2020,19,48159,48159,17485,-5.5562304034552259,-3.9711626498654176,247872,0,,0,0,,0,,13275,-5.605461393596987,10622,1652,9745,0,12984,-10,110,4.3224583418745137,0,,0,
2020,20,55064,55064,18046,-5.3303138166497215,-3.8279899684060981,277703,0,,0,0,,0,,16495,-5.3942709912094493,10846,1631,10724,0,13225,-10,170,4.3813665357495211,0,,0,
2020,21,50767,50767,18185,-5.4355270155809867,-3.8888094257073207,260980,0,,0,0,,0,,13837,-5.7050516730505167,9813,2337,10714,0,12081,-10,150,4.5283416450892782,0,,0,
2020,22,53083,53083,19939,-5.57220694072874,-4.1093897010498521,262339,0,,0,0,,0,,14015,-5.5861648234034966,10713,3449,12044,0,13451,-10,120,4.3361837645394852,0,,0,
2020,23,46709,46709,17287,-5.5526814960714193,-3.93655138779049,237451,0,,0,0,,0,,12929,-5.7747853662309545,9693,2314,9730,0,12023,-10,108,4.3274769433124227,0,,0,
2020,24,59347,59347,22211,-5.5891630015334588,-4.2452762629400187,296642,0,,0,0,,0,,16662,-5.4696975153042864,13008,2153,12761,0,15881,-10,160,4.6464255746575942,0,,0,
2020,25,54102,54102,20485,-5.6122384473197773,-3.8447913614025042,272976,0,,0,0,,0,,13483,-5.61137728992064,11747,2071,10922,0,14410,-10,240,4.5563809083142823,0,,0,
2020,26,57079,57079,20668,-5.4880551516319462,-3.7099870441892273,291080,0,,0,0,,0,,14762,-5.5880774962742183,11191,2546,12023,0,13591,-10,290,4.8937245792353217,0,,0,
2020,27,54214,54214,18788,-5.4572084701368633,-4.0766791621348668,274695,0,,0,0,,0,,17072,-5.6069177600749791,10420,1729,11585,0,13237,-10,122,4.3840720479516575,0,,0,
2020,28,53523,53523,19798,-5.5285615529772247,-4.0279048742919263,274107,0,,0,0,,0,,16212,-5.7009190722921321,10768,2239,11817,0,13294,-10,128,4.418924827792158,0,,0,
2020,29,59592,59592,21822,-5.5249697946033018,-4.0622180910114549,299730,0,,0,0,,0,,15478,-5.7199250549166543,12068,2156,13975,0,15210,-10,140,4.3896707050886024,0,,0,
2020,30,50391,50391,18485,-5.5637732928499126,-3.9555011389407118,258504,0,,0,0,,0,,15160,-5.5914841688654375,10252,1905,11563,0,12695,-10,130,4.4935751975276128,0,,0,
2020,31,47903,47903,17379,-5.5635471682358126,-3.9699252307038471,241223,0,,0,0,,0,,13765,-5.4275771885216111,9414,1887,11287,0,11919,-10,340,4.7697235820895649,0,,0,
2020,32,48962,48962,16923,-5.3975123565213829,-3.45635759206925,242490,0,,0,0,,0,,14313,-5.3093062251100367,8699,2058,11473,0,11056,-10,130,4.3505764172198562,0,,0,
2020,33,50928,50928,17915,-5.4465539585296892,-3.5169777429655693,247374,0,,0,0,,0,,16496,-5.2851236663433552,9695,2364,10277,0,12337,-10,116,4.2973120377011194,0,,0,
2020,34,49554,49554,18083,-5.5151612382451454,-3.6512814389195705,249337,0,,0,0,,0,,16851,-5.4784226455403253,9725,2105,10526,0,12237,-10,140,4.3861715840554174,0,,0,
2020,35,51536,51536,19360,-5.5315584188772258,-3.811349933024279,260327,0,,0,0,,0,,18333,-5.4623138602520065,10611,2202,10471,0,13145,-10,190,4.5772585788161884,0,,0,
2020,36,49481,49481,17692,-5.4148036620116811,-3.7369777964645663,250456,0,,0,0,,0,,17528,-5.4663909173893206,9280,1862,10234,0,11914,-10,450,4.8784723248196045,0,,0,
2020,37,51817,51817,18644,-5.4758264662176508,-3.2884030585227211,259419,0,,0,0,,0,,16280,-5.40082923832924,9727,2075,10495,0,12524,-10,100,4.2781996521098353,0,,0,
2020,38,46069,46069,16206,-5.3925437930061424,-3.7305767522167921,236014,0,,0,0,,0,,14176,-5.4321106094808149,7971,1886,10070,0,10010,-10,140,4.5200714035106708,0,,0,
2020,39,40829,40829,15823,-5.6772514634206095,-4.0401545442823084,202741,0,,0,0,,0,,16437,-5.8925777209953134,9861,1754,7781,0,11638,-10,124,4.3494816472266038,0,,0,
2020,40,33794,33794,12987,-5.6584186541989725,-4.0099077669689693,170598,0,,0,0,,0,,12689,-5.8457246433919137,7578,1384,7073,0,9187,-10,126,4.4217738446314341,0,,0,
2020,41,30957,30957,11078,-5.4292082566140127,-3.7383397088424934,158013,0,,0,0,,0,,11727,-5.5610471561354151,5823,1316,6649,0,7356,-10,110,4.5001091306111833,0,,0,
2020,42,29760,29760,10424,-5.422506720430107,-3.6404725775924054,150900,0,,0,0,,0,,10234,-5.3867598202071534,5888,1059,6276,0,7296,-10,120,4.5443545329094341,0,,0,
2020,43,24401,24401,8906,-5.4725585017007505,-3.6736485879493852,125367,0,,0,0,,0,,8508,-5.7143159379407615,5054,1027,5208,0,6118,-10,180,4.9085605193353254,0,,0,
2020,44,16980,16980,6302,-5.573209658421673,-3.76747408786345,86825,0,,0,0,,0,,5180,-5.78023166023166,3656,671,3834,0,4630,-10,108,4.3912460323867339,0,,0,
2020,45,16837,16837,6530,-5.63261269822415,-3.1695425514605167,83988,0,,0,0,,0,,5633,-6.146831173442215,3884,585,3272,0,4628,-10,110,4.5269493123993518,0,,0,
2020,46,33072,33072,12424,-5.6385341074020321,-3.4932644710257961,172820,0,,0,0,,0,,9284,-5.5689573459715653,7280,1156,7076,0,8916,-10,140,4.7055131677344049,0,,0,
2020,47,45057,45057,16856,-5.6116962958030943,-3.8203947453184548,231405,0,,0,0,,0,,11991,-5.3816779251104974,9578,1423,9597,0,12491,-10,120,4.3947018159784728,0,,0,
2020,48,47928,47928,18868,-5.6842597229177123,-4.0175887242744528,243785,0,,0,0,,0,,12207,-5.611042844269682,10305,1449,8929,0,14029,-10,190,4.5476189407245426,0,,0,
2020,49,42245,42245,15313,-5.5023198560742346,-3.5686651565139047,221186,0,,0,0,,0,,13128,-5.5988039917726846,8089,1505,9759,0,10497,-10,90,4.4076771361934179,0,,0,
2020,50,40080,40080,13839,-5.4296653941163244,-3.6034993475989081,206570,0,,0,0,,0,,14770,-5.4898171970209884,7522,1316,9051,0,9815,-10,120,4.3258463171479562,0,,0,
2020,51,38990,38990,13432,-5.5652970144659886,-3.8437234413243053,203788,0,,0,0,,0,,13534,-5.4400842323038292,7954,1039,11101,0,9893,-10,92,4.51005260607598,0,,0,
2020,52,45670,45670,17671,-5.7028092839938678,-4.2805713953006217,235905,0,,0,0,,0,,13660,-5.5663982430453887,10283,1678,10066,0,13082,-10,180,4.673797680364645,0,,0,
2021,0,3696,3696,1722,-6.1756493506493486,-3.6993842245750521,20649,0,,0,0,,0,,1428,-6.0163165266106429,1028,155,614,0,1265,-10,48,4.5001314352045254,0,,0,
2021,1,37738,37738,14675,-5.7291681021917151,-3.8731412906743037,189583,0,,0,0,,0,,8771,-5.8599224452554735,8804,1213,7822,0,10996,-10,180,4.331488807396612,0,,0,
2021,2,40227,40227,13888,-5.4591368981032646,-3.6753577544471372,206689,0,,0,0,,0,,11388,-5.4519757639620652,8192,1124,9455,0,10145,-10,200,4.38671347127432,0,,0,
2021,3,45141,45141,15580,-5.4288540351343588,-4.0034306720480393,231488,0,,0,0,,0,,18402,-5.31954135420063,8060,1980,11300,0,10407,-10,126,4.546121011552418,0,,0,
2021,4,48428,48428,18167,-5.542869827372594,-3.9879053139249052,258156,0,,0,0,,0,,16839,-5.4698378763584588,8934,2955,10789,0,11896,-10,712,5.6194956512160275,0,,0,
2021,5,50093,50093,17172,-5.348590537033342,-4.1522345323065162,261625,0,,0,0,,0,,20815,-5.2837088638001433,7957,2718,12198,0,10882,-10,120,4.5500659934656538,0,,0,
2021,6,44183,44183,14797,-5.3667722879840651,-3.7088419238096186,230739,0,,0,0,,0,,15963,-5.3046607780492385,7844,1717,10527,0,10094,-10,108,4.3420312714789757,0,,0,
2021,7,41220,41220,15216,-5.6385953420669548,-3.6714064271559939,218178,0,,0,0,,0,,14615,-5.5305781731098156,9052,1346,8875,0,11126,-10,100,4.4384208896865367,0,,0,
2021,8,43917,43917,16413,-5.6202791629665061,-3.8519527790403885,231964,0,,0,0,,0,,15705,-5.7457752308182108,9568,1493,9168,0,11830,-10,110,4.4214297828013729,0,,0,
2021,9,43090,43090,16618,-5.6336876305407291,-3.8780031789368317,228228,0,,0,0,,0,,14475,-5.7696856649395531,9542,1470,8885,0,11627,-10,120,4.3035260686605135,0,,0,
2021,10,38768,38768,14850,-5.6506500206355783,-3.5769212528672312,206098,0,,0,0,,0,,12586,-5.8387096774193541,8426,1704,8248,0,10371,-10,140,4.6785992998317072,0,,0,
2021,11,46681,46681,16478,-5.4406846468584691,-3.7659240014221691,244894,0,,0,0,,0,,16070,-5.4401742377100177,9377,1940,10191,0,11491,-10,140,4.5473500450929709,0,,0,
2021,12,46080,46080,17502,-5.5223746175047195,-3.86050815737993,246617,0,,0,0,,0,,15089,-5.5417522698654622,8829,2316,10512,0,10736,-10,128,4.5899828564521163,0,,0,
2021,13,41527,41527,15621,-5.490516556291392,-3.6705751982468358,222881,0,,0,0,,0,,17499,-5.6043088176467215,7999,1887,8519,0,9798,-10,100,4.5110669069286295,0,,0,
2021,14,45480,45480,18324,-5.6929903254177674,-3.7213334643147045,239574,0,,0,0,,0,,19524,-5.887599877074372,10130,1515,8247,0,12204,-10,130,4.4235986035042867,0,,0,
2021,15,55926,55926,21659,-5.5911114687265338,-3.7701105253636435,291296,0,,0,0,,0,,26863,-5.6476119569668324,11208,1426,10896,0,13556,-10,120,4.41980446984458,0,,0,
2021,16,55936,55936,22110,-5.6538651315789457,-4.0191172959541221,291231,0,,0,0,,0,,30083,-5.4457800086427541,11253,2634,12626,0,13903,-10,120,4.309513661480068,0,,0,
2021,17,47256,47256,17309,-5.5794438801422039,-3.6777789605679283,248821,0,,0,0,,0,,20323,-5.3310977709983742,9906,1784,10439,0,12259,-10,130,4.4699370021182014,0,,0,
2021,18,43244,43244,17452,-5.7841087780963836,-3.8591258037928942,222607,0,,0,0,,0,,12806,-5.648430423239108,10054,1852,9272,0,12675,-10,152,4.6170953599325912,0,,0,
2021,19,84405,84405,47687,-6.714603400272491,-5.17413495872325,419933,0,,0,0,,0,,13702,-5.7248357903955638,30845,4802,12461,0,37803,-10,170,4.707999001667,0,,0,
2021,20,81327,81327,42808,-6.4348137764825948,-4.4710424277973786,395010,0,,0,0,,0,,13422,-5.4284607361049018,26465,4908,12477,0,33248,-10,550,5.0191837496675484,0,,0,
2021,21,52953,52953,21032,-5.7302343587709839,-3.889503647985777,266892,0,,0,0,,0,,15679,-5.25687224950571,12330,2182,11239,0,15624,-10,220,4.4369258996366536,0,,0,
2021,22,43439,43439,16219,-5.583091231381939,-3.4874702899566543,225052,0,,0,0,,0,,13625,-5.3250568807339462,9159,1935,9200,0,11542,-10,170,4.6286767270259324,0,,0,
2021,23,44360,44360,16749,-5.645670161199412,-3.7836386793697194,230156,0,,0,0,,0,,14393,-5.3099631765441551,9940,1594,9540,0,12263,-10,120,4.3003042924314556,0,,0,
2021,24,45524,45524,17845,-5.6818974606800809,-3.3114941154191415,233373,0,,0,0,,0,,16544,-5.3817879593810476,9999,1732,9024,0,12419,-10,160,4.4339246720186614,0,,0,
2021,25,45502,45502,17852,-5.7046217748670367,-3.707886462301917,239228,0,,0,0,,0,,18003,-5.9598400266622251,10198,1372,9178,0,12372,-10,290,4.5704242912081439,0,,0,
2021,26,38043,38043,15789,-5.8630917645821823,-3.6322886473500597,203040,0,,0,0,,0,,14394,-5.6610671112963749,9388,1423,7307,0,11658,-10,112,4.2983089869780535,0,,0,
2021,27,38132,38132,15350,-5.8249344382670722,-3.6657641192630641,205290,0,,0,0,,0,,13509,-5.7842031238433629,8971,1378,8533,0,11414,-10,160,4.4356969120767022,0,,0,
2021,28,36658,36658,14249,-5.727737465219052,-3.7186814978388822,194637,0,,0,0,,0,,11742,-5.7699710441151382,8224,1167,7755,0,10541,-10,180,4.4845099781633735,0,,0,
2021,29,39333,39333,15517,-5.620306104289023,-3.8654678661105835,209953,0,,0,0,,0,,12486,-5.5992071119653994,8822,1322,7515,0,10830,-10,336,4.9413854843999721,0,,0,
2021,30,35667,35667,15193,-5.8748563097541133,-3.9872444722401412,188974,0,,0,0,,0,,11050,-5.8045882352941174,9289,1342,6530,0,11274,-10,80,4.2694973693645855,0,,0,
2021,31,38003,38003,16437,-5.8995447727810957,-4.3873343703450036,197319,0,,0,0,,0,,9663,-5.9111456069543591,10684,1142,5976,0,12791,-10,160,4.4093301817264861,0,,0,
2021,32,31707,31707,12196,-5.7070714398359836,-4.1932977774825435,168386,0,,0,0,,0,,10598,-5.8550386865446278,7337,965,7043,0,8979,-10,120,4.7090601853368552,0,,0,
2021,33,30846,30846,12661,-5.8583706153147892,-3.6701050870619456,161801,0,,0,0,,0,,11522,-5.7047995139732679,7724,977,6965,0,9290,-10,150,4.3682222957305461,0,,0,
2021,34,37132,37132,14854,-5.7905849402132956,-3.5620711109661705,193728,0,,0,0,,0,,13197,-5.7145260286428741,8988,1256,7615,0,10973,-10,180,4.4446175706916433,0,,0,
2021,35,31419,31419,12701,-5.8493427543842893,-3.5575405731725116,170444,0,,0,0,,0,,10983,-5.7889556587453352,7816,1042,6460,0,9467,-10,540,5.35833951459164,0,,0,
2021,36,33677,33677,13512,-5.7969057164068305,-3.8470045605349261,180042,0,,0,0,,0,,12750,-5.6916379039849385,7819,1211,7450,0,9593,-10,110,4.3695746944577829,0,,0,
2021,37,37583,37583,14937,-5.7336109411169947,-3.4816435529367915,195114,0,,0,0,,0,,12090,-5.7236641852770891,8323,1293,7807,0,10280,-10,204,4.42289182735035,0,,0,
2021,38,38520,38520,14213,-5.5773650051921075,-3.5576539106142149,208537,0,,0,0,,0,,13833,-5.6100267476324746,7926,1298,8408,0,9877,-10,280,4.7715954500167683,0,,0,
2021,39,46119,46119,18341,-5.7637162000997453,-3.6362684632210813,230595,0,,0,0,,0,,15415,-5.6669348037625689,11107,1501,9681,0,13417,-10,112,4.2401918824260587,0,,0,
2021,40,39558,39558,15711,-5.7202007179331611,-3.3758349647335559,206849,0,,0,0,,0,,13119,-5.7185608659196578,8818,1166,7480,0,11189,-10,132,4.52916618010965,0,,0,
2021,41,35369,35369,13223,-5.5837315162995855,-3.4321711004365891,190588,0,,0,0,,0,,11815,-5.444274227676682,7492,1180,6765,0,9389,-10,170,4.9017403732136753,0,,0,
2021,42,37532,37532,13646,-5.566820313332622,-3.2549214099627783,201183,0,,0,0,,0,,14947,-5.4919248009634041,7754,1145,7937,0,9704,-10,110,4.369100055600815,0,,0,
2021,43,37739,37739,13731,-5.5504491374970195,-3.3987766614807966,205054,0,,0,0,,0,,13535,-5.6933801256002932,8027,1324,7925,0,9783,-10,100,4.3975905817533816,0,,0,
2021,44,36966,36966,14240,-5.6332386517340272,-3.5334880493811172,198375,0,,0,0,,0,,12959,-5.4965815263523439,7976,1369,7153,0,9881,-10,220,4.7575887710275042,0,,0,
2021,45,42897,42897,16263,-5.5682611837657676,-3.8008473075309426,223823,0,,0,0,,0,,16837,-5.4258062600225694,8626,1608,8532,0,10800,-10,160,4.3666716561721524,0,,0,
2021,46,42696,42696,15361,-5.4903386734120287,-3.6595191613619082,228080,0,,0,0,,0,,16874,-5.4546521275334827,8564,1421,8441,0,10440,-10,190,4.5352130868606455,0,,0,
2021,47,43416,43416,17313,-5.68612493090105,-3.7869265385216662,233317,0,,0,0,,0,,16265,-5.6504580387334773,9205,1713,8869,0,11373,-10,80,4.3781691745442277,0,,0,
2021,48,44425,44425,16374,-5.5441935846933026,-3.5163453478168685,237008,0,,0,0,,0,,19318,-5.5514080132518888,8118,1229,9848,0,10066,-10,130,4.5681775983193527,0,,0,
2021,49,49131,49131,19293,-5.5890083048363461,-3.3301750735380207,258684,0,,0,0,,0,,23046,-5.4838540310682964,9162,1379,9753,0,11451,-10,94,4.3069057643252311,0,,0,
2021,50,45981,45981,17602,-5.6176377199277976,-3.7858118596487578,245362,0,,0,0,,0,,20638,-5.4514875472429507,9022,1271,9608,0,11249,-10,210,4.6796575257481114,0,,0,
2021,51,40510,40510,15860,-5.7318736114539632,-3.8617081865361231,221238,0,,0,0,,0,,17822,-5.4239759847379654,8384,1077,9227,0,10548,-10,220,4.5773740772034905,0,,0,
2021,52,34407,34407,13691,-5.7139190838807181,-3.6376902434619267,189026,0,,0,0,,0,,13722,-5.5707695671184956,7564,1083,7190,0,9202,-10,260,4.9651357804376453,0,,0,
2022,1,37618,37618,17453,-6.1130541151442639,-4.0103438752799976,194407,0,,0,0,,0,,15307,-6.0671570550542686,10224,1684,6479,0,12567,-10,90,4.2098823875357079,0,,0,
2022,2,44452,44452,17780,-5.6751687213173776,-3.8188734151215309,231345,0,,0,0,,0,,22470,-5.5835870048954153,8289,1470,9250,0,10689,-10,120,4.4082619928789537,0,,0,
2022,3,54668,54668,21694,-5.5953610887539309,-3.7266739230661234,279079,0,,0,0,,0,,30563,-5.5252658443215648,9394,1453,9861,0,12701,-10,88,4.2725494469372522,0,,0,
2022,4,65945,65945,26801,-5.6192963833497585,-3.5670154495232378,340406,0,,0,0,,0,,42707,-5.516472709391901,11444,1611,12003,0,14269,-10,160,4.5089835391826618,0,,0,
2022,5,59262,59262,24344,-5.6038557591711378,-3.4658677704913243,305894,0,,0,0,,0,,36798,-5.5132588727648253,10435,1576,10516,0,13141,-10,260,4.6981803632243,0,,0,
2022,6,62217,62217,25874,-5.633463522831379,-3.31063944090541,317072,0,,0,0,,0,,39763,-5.5683373990896072,10349,1791,11163,0,13274,-10,150,4.483469568030606,0,,0,
2022,7,85651,85651,37334,-5.7924285764322647,-3.8630602776700771,438437,0,,0,0,,0,,62890,-5.7224089680394341,17246,1793,13850,0,22027,-10,220,4.63360348114167,0,,0,
2022,8,183730,183730,84838,-5.9101926740325448,-3.9882989922966297,916111,0,,0,0,,0,,162074,-5.95975665436776,39828,6712,38835,0,49119,-10,192,4.7672380633541893,0,,0,
2022,9,192015,192015,88886,-6.0096674738952673,-3.8315101669340859,951669,0,,0,0,,0,,173704,-6.0484450559572664,45339,8690,44136,0,58350,-10,232,4.5247659783303984,0,,0,
2022,10,153096,153096,71038,-6.0090923342216636,-3.9490378456669148,761458,0,,0,0,,0,,133597,-6.0376116230154855,36897,6080,32675,0,47368,-10,160,4.4141818851928329,0,,0,
2022,11,142348,142348,70725,-6.2771377188299082,-4.1085081106074,701886,0,,0,0,,0,,116511,-6.3875033258662279,41454,5170,26353,0,51889,-10,180,4.5066837849097787,0,,0,
2022,12,122719,122719,58289,-6.1152725376272219,-4.07009497739679,618603,0,,0,0,,0,,101798,-6.1744518448662022,32123,4181,23322,0,41034,-10,490,4.7361705053566476,0,,0,
2022,13,108377,108377,51907,-6.1918183747474105,-3.8832934472703973,551203,0,,0,0,,0,,82895,-6.1951637613848884,29995,3351,19957,0,37538,-10,240,4.5726290155129634,0,,0,
2022,14,120661,120661,56419,-6.0576355047240167,-4.7057757449810831,610158,0,,0,0,,0,,97470,-6.0839540371396348,30176,3027,23498,0,40930,-10,168,4.5364554427371857,0,,0,
2022,15,107973,107973,54374,-6.3256223835809271,-4.5556336231553711,539223,0,,0,0,,0,,82042,-6.3214585212452175,31023,2929,18259,0,40805,-10,110,4.3632102898631242,0,,0,
2022,16,97760,97760,49244,-6.3540435761047442,-4.0746843841886253,488680,0,,0,0,,0,,73451,-6.4332017263209469,28952,2434,17318,0,37268,-10,480,4.5591186641382331,0,,0,
2022,17,99393,99393,49258,-6.2933285040193976,-3.9778464287620996,500408,0,,0,0,,0,,75036,-6.3493269897116074,29530,2553,17683,0,37517,-10,126,4.3812951829690183,0,,0,
2022,18,89893,89893,43091,-6.2113290245069166,-3.9999248069815687,450084,0,,0,0,,0,,68848,-6.2882581919591,25332,1950,17183,0,32937,-10,120,4.2546964917862509,0,,0,
2022,19,92958,92958,47291,-6.3971363411433124,-4.1162524576678354,463725,0,,0,0,,0,,62659,-6.3570085701974195,29406,2192,16549,0,36415,-10,250,4.4556457698199443,0,,0,
2022,20,80473,80473,38398,-6.2572415592807538,-4.02706035209005,404485,0,,0,0,,0,,54900,-6.3133151183970888,23656,1855,15788,0,29872,-10,120,4.2389370381135851,0,,0,
2022,21,83039,83039,39605,-6.2211683666710815,-4.0789514158151858,418639,0,,0,0,,0,,54940,-6.3008700400436854,23623,2164,14863,0,30087,-10,130,4.2536782074615758,0,,0,
2022,22,76638,76638,39206,-6.3980636237897643,-3.9123358038264238,399169,0,,0,0,,0,,52031,-6.5739789740731513,23423,2132,14007,0,29370,-10,150,4.3794853580293944,0,,0,
2022,23,75392,75392,34160,-6.0695949172325978,-4.045582193166072,380227,0,,0,0,,0,,52372,-6.2853471320552972,20557,1785,14472,0,25668,-10,112,4.2455338531406364,0,,0,
2022,24,69500,69500,32614,-6.1799669064748226,-3.6825563775990182,351743,0,,0,0,,0,,46381,-6.4197861193161012,19583,1611,13366,0,25145,-10,148,4.3681137686149061,0,,0,
2022,25,67028,67028,32544,-6.2536178910306122,-3.8030878823995509,345136,0,,0,0,,0,,46250,-6.4137664864864883,19627,1577,12374,0,24722,-10,150,4.1771699397113027,0,,0,
2022,26,70065,70065,33484,-6.2034539356311944,-3.7226626674628664,359001,0,,0,0,,0,,50054,-6.3947536660406783,20404,1684,13604,0,25046,-10,120,4.31575787143522,0,,0,
2022,27,67189,67189,31678,-6.2125586033428117,-3.8387521668879243,341992,0,,0,0,,0,,44519,-6.3755070868617958,20193,1404,12402,0,24908,-10,128,4.29208822794828,0,,0,
2022,28,64177,64177,30849,-6.24773672811133,-3.7607258494981584,332900,0,,0,0,,0,,41805,-6.5468054060519085,19207,1550,11356,0,23807,-10,132,4.4024114426006555,0,,0,
2022,29,62656,62656,29438,-6.1625750127681487,-3.6865768527219078,319253,0,,0,0,,0,,41537,-6.4265305631124132,17989,1654,10837,0,22327,-10,220,4.2190057446863261,0,,0,
2022,30,65958,65958,31078,-6.162503790405732,-4.0420320686525386,339947,0,,0,0,,0,,43030,-6.3880316058563738,19822,1443,11039,0,24437,-10,140,4.4260065691186075,0,,0,
2022,31,83216,83216,39059,-6.06100749855797,-4.0955970142130775,432727,0,,0,0,,0,,39745,-6.2078752044282206,22383,1795,13927,0,27386,-10,240,4.71086861629021,0,,0,
2022,32,75277,75277,36192,-6.1825617386452674,-4.4255373275075858,387456,0,,0,0,,0,,39962,-6.0945898603673623,22459,1552,12001,0,27550,-10,110,4.4008836686172579,0,,0,
2022,33,63969,63969,29349,-6.05048382810424,-4.12760932547861,331129,0,,0,0,,0,,38121,-6.1428425277406156,18023,1432,10755,0,22153,-10,180,4.2969145121680814,0,,0,
2022,34,65681,65681,29993,-6.0633029338773721,-3.9334934487742372,337898,0,,0,0,,0,,44589,-6.2377895893606068,18077,1490,10401,0,22960,-10,130,4.2063965823709539,0,,0,
2022,35,62335,62335,29028,-6.1058827304082941,-3.854497893664532,323514,0,,0,0,,0,,38612,-6.1887936392831255,18325,1458,10046,0,22016,-10,140,4.2661414265475335,0,,0,
2022,36,58219,58219,26993,-6.1365688177399154,-3.8706782696310356,298981,0,,0,0,,0,,35497,-6.2427500915570429,17068,1304,11176,0,20816,-10,130,4.3084343126144686,0,,0,
2022,37,61158,61158,28396,-6.1392197259557388,-3.70698550273241,313500,0,,0,0,,0,,40066,-6.3523985424050373,17961,1358,10193,0,22095,-10,216,4.3678609112295144,0,,0,
2022,38,73170,73170,32353,-5.8744061773951062,-4.2729996517427136,381102,0,,0,0,,0,,48102,-5.9742152093468093,16873,3889,12704,0,22081,-10,160,4.3967046180417224,0,,0,
2022,39,75597,75597,33204,-5.8617087979681521,-4.3725251993551257,391153,0,,0,0,,0,,49919,-5.8529197299625242,18285,4315,13228,0,22491,-10,126,4.4672561409828182,0,,0,
2022,40,67908,67908,31185,-6.0365641750603807,-4.007800522864768,346025,0,,0,0,,0,,42146,-6.1555402647938218,18406,3197,10678,0,22626,-10,170,4.2309268765563726,0,,0,
2022,41,83707,83707,41746,-6.2524615623544131,-4.4930187545416711,433926,0,,0,0,,0,,57703,-6.3469472991005755,26689,2804,10966,0,31733,-10,350,4.5125272561915226,0,,0,
2022,42,78583,78583,37553,-6.1877543489049751,-4.375430495579371,408945,0,,0,0,,0,,51594,-6.3989591813001514,23310,2629,13421,0,27991,-10,100,4.2109684275799619,0,,0,
2022,43,68486,68486,31287,-6.0179720810700355,-4.449148219169401,349114,0,,0,0,,0,,42314,-6.0365050103989555,19317,2591,10725,0,23361,-10,140,4.2511668654812276,0,,0,
2022,44,62456,62456,29141,-6.0889150414705338,-4.1302181541765162,319567,0,,0,0,,0,,38134,-6.2012560969213943,18450,2398,9569,0,22117,-10,160,4.309484461207,0,,0,
2022,45,51732,51732,24356,-6.1633631021417958,-3.9223541337353,263571,0,,0,0,,0,,32224,-6.3720022343594858,14799,2256,8631,0,17914,-10,130,4.3389049730316671,0,,0,
2022,46,79368,79368,37499,-6.2388690086185123,-4.3651156594710976,402856,0,,0,0,,0,,51417,-6.4803139039617266,25234,2362,13058,0,30254,-10,200,4.344728013773647,0,,0,
2022,47,61140,61140,30062,-6.2888272816486479,-4.3728463367186539,320883,0,,0,0,,0,,38608,-6.5272611893908064,19452,1965,8546,0,24014,-10,150,4.2557446237805756,0,,0,
2022,48,62808,62808,29992,-6.1497595847662527,-4.1040186554879305,343533,0,,0,0,,0,,35101,-6.3837269593458963,17280,3688,10592,0,21556,-10,190,4.6552589188041154,0,,0,
2022,49,64518,64518,31446,-6.2932607954369431,-4.29797649382047,349924,0,,0,0,,0,,38967,-6.5719275284214893,19770,2457,11849,0,23953,-10,100,4.5020770070789862,0,,0,
2022,50,58764,58764,28332,-6.28820836595078,-4.1203742970297847,312164,0,,0,0,,0,,35056,-6.613849269739843,17722,1853,10639,0,21801,-10,130,4.5232180066520566,0,,0,
2022,51,54039,54039,25463,-6.174633135328186,-3.6701701184423836,286130,0,,0,0,,0,,33287,-6.5343257127407179,15427,1771,9253,0,18851,-10,130,4.5364492499613629,0,,0,
2022,52,51512,51512,26359,-6.4751553036185836,-3.977037760566045,281865,0,,0,0,,0,,33805,-6.8572311788197071,17311,1576,7872,0,20785,-10,276,4.8898510130351136,0,,0,
2023,1,52764,52764,26704,-6.4110435145174813,-4.3575629988652125,273451,0,,0,0,,0,,30608,-6.9169922895975,17722,1361,7126,0,21575,-10,130,4.2303942089874109,0,,0,
2023,2,70623,70623,37091,-6.5160401002506214,-4.2819321230542808,351964,0,,0,0,,0,,43626,-7.01546325585658,23622,2298,11147,0,29285,-10,270,4.658372753275037,0,,0,
2023,3,72184,72184,37431,-6.488297960766932,-3.9495946505723309,356806,0,,0,0,,0,,47504,-6.8758230885820248,23731,2578,11602,0,29375,-10,250,4.3846881068294694,0,,0,
2023,4,82110,82110,42717,-6.5212410181463945,-4.1531768233299449,408732,0,,0,0,,0,,51271,-6.6657545200990764,28458,2083,12636,0,34089,-10,160,4.42333483273407,0,,0,
2023,5,82675,82675,43350,-6.4958379195645577,-4.1903920855941168,404348,0,,0,0,,0,,50246,-6.6960315248974966,28027,1737,12204,0,34332,-10,145,4.4413308812312158,0,,0,
2023,6,68800,68800,36635,-6.5880319767441922,-3.9251948720628862,342198,0,,0,0,,0,,46235,-6.9264150535308833,24107,1780,10818,0,28873,-10,250,4.5988812339853915,0,,0,
2023,7,75336,75336,38592,-6.42744770096634,-3.9180187892627463,374543,0,,0,0,,0,,49870,-6.7890034088630369,24501,2269,11565,0,30459,-10,330,4.5702968987648926,0,,0,
2023,8,92534,92534,45344,-6.20671428880195,-3.9279646413600671,454841,0,,0,0,,0,,65059,-6.38049155382039,26870,2575,13425,0,33521,-10,360,4.985726998095342,0,,0,
2023,9,77724,77724,38768,-6.2963241727137005,-4.269719380967377,390087,0,,0,0,,0,,49519,-6.4880692259536747,23877,2585,11405,0,29907,-10,222,4.9018509149174667,0,,0,
2023,10,79554,79554,41877,-6.4952874776881115,-4.2814782075260931,398836,0,,0,0,,0,,50724,-6.8213705543726864,27385,2775,10540,0,33226,-10,258,5.3970897134507538,0,,0,
2023,11,79249,79249,36929,-6.1782483059723168,-4.2019764927738379,396514,0,,0,0,,0,,51984,-6.4542763157894711,22895,2690,12535,0,28749,-10,350,5.6618399432474913,0,,0,
2023,12,74451,74451,33188,-6.0526628252139059,-3.9669412088073397,367528,0,,0,0,,0,,44674,-6.2525809195505264,20044,2462,12134,0,25227,-10,374,5.678627323089354,0,,0,
2023,13,103562,103562,46071,-5.9757082713736738,-3.8778944437961993,510564,0,,0,0,,0,,62263,-6.2482341037213152,26566,4202,17967,0,34074,-10,448,6.6869281944628849,0,,0,
2023,14,117094,117094,56793,-6.2578031325260035,-4.3365281946766761,570256,0,,0,0,,0,,63437,-6.3014802087110109,37034,3384,17580,0,45137,-10,510,6.6162388989324352,0,,0,
2023,15,100992,100992,51225,-6.3812599017743992,-4.1388295870086962,495283,0,,0,0,,0,,56847,-6.4792548419441633,32117,2831,15918,0,39588,-10,546,6.7189241023819219,0,,0,
2023,16,84249,84249,36365,-5.9149817801991675,-3.8964546772260666,431925,0,,0,0,,0,,51205,-6.0794961429547909,21406,2681,18400,0,26519,-10,550,5.5510019998498272,0,,0,
2023,17,86020,86020,38687,-6.0738618925831149,-3.9563328412374745,435292,0,,0,0,,0,,50427,-6.2735756638308811,24386,2348,17429,0,29606,-10,340,4.6954601050097811,0,,0,
2023,18,88771,88771,44430,-6.3443433103153026,-4.7368948468552281,434443,0,,0,0,,0,,54763,-6.5226265909464409,27930,3103,14188,0,34821,-10,198,4.4654306424268331,0,,0,
2023,19,89751,89751,44473,-6.3486579536718288,-4.406020961532592,445281,0,,0,0,,0,,50372,-6.4202791233224863,29188,2303,15231,0,35834,-10,280,4.4629874097034916,0,,0,
2023,20,84950,84950,39991,-6.2376809888169538,-3.7652759096824258,430905,0,,0,0,,0,,55023,-6.4297166639405265,26168,2116,15942,0,31731,-10,432,4.894439552998386,0,,0,
2023,21,85741,85741,39433,-6.1561598301862617,-4.0101450854856528,425720,0,,0,0,,0,,54669,-6.3697250727103114,26061,1871,15081,0,31731,-10,408,4.5725740453877508,0,,0,
2023,22,83028,83028,40069,-6.2783952401599414,-4.24336458489251,421624,0,,0,0,,0,,51504,-6.4884746815781256,26773,2091,13008,0,32183,-10,230,4.7076958946105592,0,,0,
2023,23,87635,87635,40983,-6.113749072859016,-4.522986905501,430055,0,,0,0,,0,,57059,-6.1896125063530754,26605,2300,13018,0,32504,-10,180,4.3623762346005952,0,,0,
2023,24,76213,76213,37005,-6.3075643262960375,-4.0020087998563136,382459,0,,0,0,,0,,48661,-6.5830952919175489,24735,1691,11975,0,30156,-10,150,4.3149120071708982,0,,0,
2023,25,88205,88205,42412,-6.2397845927101718,-4.5689450769999178,433238,0,,0,0,,0,,54319,-6.2599164196689925,28161,1779,13316,0,34366,-10,240,4.4914416578934917,0,,0,
2023,26,78495,78495,35916,-6.0911101485463952,-4.1395571545910164,381502,0,,0,0,,0,,53510,-6.2523052196826647,23058,2083,12708,0,28041,-10,136,4.1885715355398156,0,,0,
2023,27,84592,84592,42117,-6.3406835161717465,-4.6236662746606667,423708,0,,0,0,,0,,46502,-6.4147628059008257,27762,2378,12781,0,34434,-10,144,4.4241914316230231,0,,0,
2023,28,77131,77131,35552,-6.114357391969504,-3.770181760204474,384883,0,,0,0,,0,,48258,-6.30682995565502,23070,2246,11480,0,28087,-10,220,4.5529830637577158,0,,0,
2023,29,84902,84902,39924,-6.1263091564391878,-4.1769994676097388,423393,0,,0,0,,0,,57737,-6.2819474513743305,24504,2372,13451,0,30239,-10,220,4.4049053141382668,0,,0,
2023,30,76994,76994,37616,-6.2542925422760209,-4.2880885744320416,386389,0,,0,0,,0,,50335,-6.5337518625211084,24412,2549,12021,0,29491,-10,200,4.3957655348852951,0,,0,
2023,31,75569,75569,38640,-6.4567375511122327,-4.6905840937310694,376008,0,,0,0,,0,,50682,-6.6923345566473271,25758,1911,11433,0,31769,-10,200,4.3048627658543852,0,,0,
2023,32,72166,72166,36213,-6.4078471856552941,-4.463416771056175,365442,0,,0,0,,0,,44360,-6.772067177637509,24330,1606,11982,0,29745,-10,220,4.4948391159659353,0,,0,
2023,33,70283,70283,35419,-6.4685448414222915,-4.3214063177269573,356346,0,,0,0,,0,,44459,-6.8467666839110128,24569,1566,11505,0,29329,-10,240,4.2491870958091971,0,,0,
2023,34,75935,75935,38392,-6.4730408555698995,-4.40846713532848,373666,0,,0,0,,0,,49014,-6.7137414549535812,26880,1696,12290,0,32001,-10,130,4.0919024157754169,0,,0,
2023,35,72602,72602,34881,-6.2806258780749848,-4.1895897611419741,361985,0,,0,0,,0,,44179,-6.685472735915253,23162,2046,12124,0,28176,-10,936,5.8708765047250386,0,,0,
2023,36,77658,77658,35858,-6.1991346451014762,-3.98337757582043,386495,0,,0,0,,0,,49526,-6.521459435448044,24211,1881,13109,0,29605,-10,192,4.2542729827448742,0,,0,
2023,37,78278,78278,36022,-6.1567362477324448,-3.8096674322022879,395283,0,,0,0,,0,,48899,-6.4522076116076006,22311,2161,15556,0,27578,-10,170,4.2536011807003558,0,,0,
2023,38,88654,88654,39903,-6.0589572946511172,-3.9342952869567811,440857,0,,0,0,,0,,56251,-6.3126895521857431,25045,2708,15863,0,30678,-10,124,4.2592031010487412,0,,0,
2023,39,74994,74994,35421,-6.2256020481638563,-4.099975952133553,375189,0,,0,0,,0,,46809,-6.5237005704031237,23686,1776,11918,0,28961,-10,169,4.3482850466956418,0,,0,
2023,40,84420,84420,42510,-6.3971914238332177,-4.3788203542162538,424590,0,,0,0,,0,,44606,-6.4292045913105849,28288,2193,12787,0,35163,-10,150,4.2219774231658125,0,,0,
2023,41,180010,180010,106428,-6.884765290817179,-5.0495128681750208,838604,0,,0,0,,0,,34036,-6.5271947349864883,68300,4903,23679,0,88137,-10,272,4.6075580919489285,0,,0,
2023,42,161233,161233,86432,-6.4848151433019163,-4.9920963895674859,744482,0,,0,0,,0,,34213,-6.49242100955777,52504,6346,20900,0,68715,-10,144,4.3700039164969446,0,,0,
2023,43,136449,136449,74259,-6.5963927914458989,-4.8842940999805524,643314,0,,0,0,,0,,34390,-6.4031171852282638,47460,4064,16576,0,60697,-10,200,4.4760929683602635,0,,0,
2023,44,134360,134360,73004,-6.62309427053097,-4.9441635309259473,632999,0,,0,0,,0,,36685,-6.422260992830469,47287,4277,18279,0,60991,-10,350,4.4924518079275524,0,,0,
2023,45,120567,120567,64856,-6.6029626680600781,-4.6336233213722808,568546,0,,0,0,,0,,34257,-6.5736345856321377,41912,4480,16408,0,53597,-10,200,4.3244044030142481,0,,0,
2023,46,110080,110080,57031,-6.4600599563953685,-4.5560758607094867,530612,0,,0,0,,0,,34128,-6.4462464838255968,35952,3870,16337,0,46324,-10,280,4.5171380192387085,0,,0,
2023,47,99197,99197,50429,-6.4566952629615777,-4.48359880083138,483633,0,,0,0,,0,,33949,-6.4060738166072619,31843,2943,16447,0,41939,-10,170,4.369056198448825,0,,0,
2023,48,93657,93657,48426,-6.5123824166906914,-4.4848629298118006,466408,0,,0,0,,0,,34218,-6.3537874802735406,30162,2564,15184,0,40123,-10,238,4.71134786853735,0,,0,
2023,49,98095,98095,51044,-6.5506162770545133,-4.7551751251335448,484612,0,,0,0,,0,,35869,-6.3615871511028086,33631,2178,14243,0,42670,-10,376,4.6190367399700669,0,,0,
2023,50,97301,97301,48111,-6.3780793898778878,-4.5235588609096826,477390,0,,0,0,,0,,36269,-6.19670435741865,30651,2517,14326,0,38953,-10,252,4.5271399482124464,0,,0,
2023,51,88923,88923,46811,-6.5736327751599717,-4.6971027104422882,439303,0,,0,0,,0,,33017,-6.4233364630341923,30549,2074,12898,0,38670,-10,320,4.4047038021913529,0,,0,
2023,52,93335,93335,54266,-6.9394942947447396,-5.140945766178552,458540,0,,0,0,,0,,38073,-6.9785779949045246,38045,1756,11108,0,47104,-10,160,4.2960866611499418,0,,0,
2023,53,11883,11883,7203,-7.0952032315072184,-5.6668631379244676,58829,0,,0,0,,0,,5043,-6.9063255998413648,5154,215,1266,0,6288,-10,130,4.4176344558311857,0,,0,
2024,0,82330,82330,48409,-6.9353249119397518,-5.4127056392031445,400163,0,,0,0,,0,,30050,-7.2515407653910149,33312,1581,8423,0,41488,-10,150,4.3622377751641652,0,,0,
2024,1,100257,100257,52827,-6.5274504523375,-4.766463461042731,493503,0,,0,0,,0,,33586,-6.5913267432858946,35869,2728,11433,0,43914,-10,280,4.6916744707611446,0,,0,
2024,2,111147,111147,59501,-6.5850207383015249,-4.7111689378292887,556246,0,,0,0,,0,,35201,-6.4955455810914406,39570,3201,13625,0,49118,-10,200,4.5043966216471185,0,,0,
2024,3,102045,102045,51545,-6.3954412269097007,-4.7221117800439263,507635,0,,0,0,,0,,42061,-6.3320534461853022,34004,2618,13130,0,42287,-10,180,4.3792586392921127,0,,0,
2024,4,99144,99144,50394,-6.375034798571745,-4.7750174656575926,494664,0,,0,0,,0,,36773,-6.217319772659291,32492,2875,13064,0,40582,-10,250,4.5150652209183226,0,,0,
2024,5,93171,93171,47149,-6.3798559606736145,-4.4169431865770257,452577,0,,0,0,,0,,38707,-6.1735035006587955,30270,2481,12939,0,37688,-10,140,4.317964604746245,0,,0,
2024,6,106258,106258,51900,-6.2691778501383428,-4.6587326296680089,509876,0,,0,0,,0,,47293,-6.0704438288964573,31528,2940,15726,0,40861,-10,240,4.6864377369842325,0,,0,
2024,7,113432,113432,55900,-6.2844752803441652,-4.7144158257144424,542234,0,,0,0,,0,,59502,-6.2719538839030493,33790,3642,18075,0,43179,-10,250,4.4712257725643285,0,,0,
2024,8,100888,100888,50793,-6.33234279597177,-4.2618891720792247,500991,0,,0,0,,0,,50736,-6.1847780668558814,30309,4260,14506,0,38307,-10,210,4.3545285268814524,0,,0,
2024,9,92304,92304,46097,-6.3204779857860984,-4.3696540788953673,456453,0,,0,0,,0,,43617,-6.386289749409638,27840,3035,12877,0,35620,-10,252,4.3559649210161355,0,,0,
2024,10,92548,92548,46138,-6.3356071575216708,-4.18656841006475,465636,0,,0,0,,0,,47117,-6.3687862130441246,29103,3150,13051,0,35886,-10,320,4.8168475547045393,0,,0,
2024,11,100487,100487,49873,-6.2977469722451636,-4.7302899020771694,507387,0,,0,0,,0,,52517,-6.3780223546661077,30938,3126,13515,0,39119,-10,360,4.9002813849713167,0,,0,
2024,12,104855,104855,53044,-6.3773790222595332,-5.2278797660871268,525688,0,,0,0,,0,,53923,-6.47199525248966,33342,2626,13696,0,42605,-10,240,4.3532503169987,0,,0,
2024,13,108360,108360,57493,-6.4954715762273958,-4.8970873283804357,541344,0,,0,0,,0,,40694,-6.463707180419715,36446,3403,13070,0,45835,-10,186,4.5207822869015688,0,,0,
2024,14,108013,108013,56355,-6.4388888374547486,-4.6868906400111765,540641,0,,0,0,,0,,39661,-6.3293966364942911,34761,2466,13133,0,44081,-10,230,4.5848368035372786,0,,0,
2024,15,145007,145007,81692,-6.7018178432765332,-4.7875406736304953,716773,0,,0,0,,0,,38151,-6.4524468559146575,52450,3087,16042,0,66293,-10,241,4.5817112502489978,0,,0,
2024,16,98748,98748,50390,-6.3632316603880552,-4.3802664300127176,490724,0,,0,0,,0,,37672,-6.3784242939052831,29589,4242,16335,0,37952,-10,150,4.3261981229117383,0,,0,
2024,17,90726,90726,45311,-6.2433481030795983,-4.5769466391130518,443869,0,,0,0,,0,,36149,-6.4533016127693736,24886,5456,15359,0,32967,-10,150,4.3073217979050646,0,,0,
2024,18,109519,109519,55700,-6.3435522603383792,-4.3812078584904359,528743,0,,0,0,,0,,39995,-6.5190948868608567,31505,4800,17845,0,41310,-10,270,4.535071567483012,0,,0,
2024,19,99365,99365,51415,-6.4337070397021039,-4.2847791262676838,484587,0,,0,0,,0,,44893,-6.63169759205221,31595,3225,15772,0,40019,-10,160,4.2888477041966251,0,,0,
2024,20,101066,101066,47243,-6.1867212855220437,-4.5183505361285414,499839,0,,0,0,,0,,39608,-6.5134038578065026,28690,2786,17709,0,36958,-10,460,5.1354451036062239,0,,0,
2024,21,103110,103110,52426,-6.4199107749005933,-4.3571404004638516,508333,0,,0,0,,0,,41150,-6.4836184690157959,32937,2544,13777,0,42311,-10,1040,5.4791887947719715,0,,0,
2024,22,87530,87530,44193,-6.4064172283788459,-4.2842437018539883,435955,0,,0,0,,0,,37856,-6.34091293322062,27946,2165,12548,0,35619,-10,450,4.5116457348414816,0,,0,
2024,23,81971,81971,41563,-6.4343593309665819,-4.2103598022624391,411601,0,,0,0,,0,,37769,-6.3504832005083571,26233,2001,12770,0,33271,-10,240,4.2814955586683734,0,,0,
2024,24,83620,83620,40049,-6.21206170772543,-4.3242195355729631,423090,0,,0,0,,0,,38830,-6.2135075972186442,24741,2264,12720,0,31456,-10,412,4.8367237259291285,0,,0,
2024,25,78105,78105,38418,-6.3194571410280993,-4.8105526103208556,397781,0,,0,0,,0,,38006,-6.3219044361416623,24657,2051,11782,0,30769,-10,336,4.575059298962433,0,,0,
2024,26,68199,68199,35298,-6.5048094546840938,-4.5578828771971729,350291,0,,0,0,,0,,30725,-6.446838079739627,22770,1653,10464,0,28806,-10,150,4.4026179501246432,0,,0,
2024,27,77940,77940,39496,-6.4004978188349995,-4.2854640457074877,398266,0,,0,0,,0,,41037,-6.4694519579891319,25539,1693,10395,0,32073,-10,618,4.9631632355927726,0,,0,
2024,28,73619,73619,37485,-6.47399856015431,-4.6317573163346113,364538,0,,0,0,,0,,32158,-6.3553579202686725,24117,1381,11244,0,30912,-10,198,4.2939815848058389,0,,0,
2024,29,74371,74371,37273,-6.3477538287773472,-4.5390737147126705,369185,0,,0,0,,0,,30028,-6.4343546023711147,22753,2525,12019,0,28886,-10,164,4.2790805526818723,0,,0,
2024,30,98451,98451,51647,-6.5704837939685827,-5.3381292788533559,466027,0,,0,0,,0,,33090,-6.2368933212450894,31040,1977,15488,0,43341,-10,226,4.3867137307762389,0,,0,
2024,31,94832,94832,53393,-6.7696020330690025,-5.091262456225377,470922,0,,0,0,,0,,38558,-6.7914933347165247,33691,1764,13515,0,44750,-10,150,4.3915933919793755,0,,0,
2024,32,96035,96035,53380,-6.6939292966106105,-4.9280451022657239,473397,0,,0,0,,0,,47353,-6.8354761049986275,33778,1894,12890,0,43513,-10,180,4.2925482141319344,0,,0,
2024,33,89252,89252,47682,-6.5752050374221289,-4.5452569128066846,440800,0,,0,0,,0,,44773,-6.7416679695352126,30401,2449,12884,0,38443,-10,250,4.36812352388472,0,,0,
2024,34,96235,96235,51894,-6.6786481010027483,-4.9848553674949354,480014,0,,0,0,,0,,46050,-6.7124451682953321,35076,1732,13306,0,43548,-10,260,4.3658747115838885,0,,0,
2024,35,87316,87316,45903,-6.543454807824455,-4.901589258499981,426750,0,,0,0,,0,,38242,-6.6496783641022956,30108,2911,12264,0,37863,-10,324,4.30395737053447,0,,0,
2024,36,89307,89307,46762,-6.5044912492861719,-4.5299807680869746,445123,0,,0,0,,0,,41535,-6.4636667870470728,30798,2106,12618,0,37544,-10,288,4.5748620540000973,0,,0,
2024,37,84045,84045,43669,-6.5065881373074088,-4.7473246611041482,427848,0,,0,0,,0,,33449,-6.563191724715236,28088,1666,11041,0,35696,-10,168,4.4611229527466136,0,,0,
2024,38,105290,105290,56866,-6.62743280463482,-4.6358490208120875,521577,0,,0,0,,0,,35109,-6.3231934831524672,38280,1774,11345,0,47267,-10,312,4.53932498451015,0,,0,
2024,39,137876,137876,85232,-7.125669442107383,-4.9901877839625719,678786,0,,0,0,,0,,29847,-6.5712098368345275,58537,2410,12629,0,72652,-10,169,4.5637826775006571,0,,0,
2024,40,115177,115177,65430,-6.8143908940153,-4.8178441527951428,565633,0,,0,0,,0,,33398,-6.5681058746032726,43015,2835,15020,0,54513,-10,130,4.24985797559979,0,,0,
2024,41,102316,102316,56724,-6.6864605731263973,-4.4793078183466779,515186,0,,0,0,,0,,33182,-6.3745976734374095,36259,1434,12744,0,45272,-10,688,4.93472508011242,0,,0,
2024,42,101837,101837,56061,-6.6545116215128086,-4.4864355709497641,513234,0,,0,0,,0,,38503,-6.2804041243539492,35865,1579,11956,0,44957,-10,180,4.4065531836038989,0,,0,
2024,43,96208,96208,50266,-6.51569723931482,-4.653839455616656,481207,0,,0,0,,0,,36623,-6.4718482920568983,32536,1708,12585,0,40844,-10,180,4.3518893757266293,0,,0,
2024,44,78643,78643,40502,-6.450229518202506,-4.24740711583599,385911,0,,0,0,,0,,32418,-6.3852859522487515,26198,1873,10903,0,32571,-10,140,4.2625783270966808,0,,0,
2024,45,79148,79148,40488,-6.4569123667054171,-4.159327607709681,400772,0,,0,0,,0,,34276,-6.4866378807328751,26506,1911,10461,0,33043,-10,648,4.9866159199535325,0,,0,
2024,46,107392,107392,55723,-6.5635931912991605,-4.5459868794544516,546332,0,,0,0,,0,,59758,-6.8372368553164469,37655,1997,14213,0,45193,-10,464,4.8691399779298541,0,,0,
2024,47,87745,87745,44915,-6.5260892358538891,-4.4527277473125952,445981,0,,0,0,,0,,42637,-6.7314562469216872,30192,1647,12530,0,36553,-10,180,4.429998386309423,0,,0,
2024,48,76671,76671,37051,-6.2608264096310062,-4.4055714898884553,378235,0,,0,0,,0,,36816,-6.363522029662632,23745,1844,11722,0,29443,-10,292,4.4371266633770254,0,,0,
2024,49,79431,79431,39080,-6.326378869710811,-4.1553940850259723,392106,0,,0,0,,0,,35230,-6.4536871984104449,25338,1496,10745,0,31461,-10,149,4.4045031811684021,0,,0,
2024,50,81230,81230,40010,-6.381391111658254,-4.596480667556345,401921,0,,0,0,,0,,38830,-6.6173911923770277,26429,1337,12552,0,33425,-10,150,4.2961341072620627,0,,0,
2024,51,74454,74454,38869,-6.5386869745077467,-4.8055061673386392,381762,0,,0,0,,0,,36899,-6.5727418087211076,26341,1328,11038,0,32838,-10,140,4.2807688530078289,0,,0,
2024,52,8523,8523,4470,-6.5814032617622766,-4.9284608784732304,42261,0,,0,0,,0,,4059,-6.5823109140182225,3015,136,1364,0,3785,-10,90,4.1183970390366431,0,,0,
2025,0,32380,32380,17717,-6.697174181593577,-4.7960266358457835,164748,0,,0,0,,0,,13820,-6.8964761215629551,11569,723,5237,0,14611,-10,130,4.2087632347460078,0,,0,
2025,1,65624,65624,33823,-6.4883929659880586,-4.5356394524320809,330388,0,,0,0,,0,,29955,-6.7361609080287144,21535,1320,10755,0,27454,-10,550,4.8093019004268776,0,,0,
2025,2,75012,75012,36498,-6.3321561883431965,-4.179037949328805,376119,0,,0,0,,0,,35341,-6.5162191222659223,22567,1624,13258,0,28728,-10,192,4.2861792848652946,0,,0,
2025,3,70106,70106,33218,-6.2491712549567815,-4.24997321337377,342286,0,,0,0,,0,,29564,-6.3108679475037217,19523,1490,12065,0,25894,-10,455,4.6120697023026862,0,,0,
2025,4,69246,69246,30779,-6.1036391993761407,-4.3344622174745639,343093,0,,0,0,,0,,28727,-6.40459498033209,18574,1637,12618,0,24236,-10,413,4.5589960403584309,0,,0,
2025,5,72387,72387,31148,-5.97096774193549,-4.144218133883486,347550,0,,0,0,,0,,29971,-6.4769677354776309,18441,1626,11331,0,24748,-10,678,4.8439100721167181,0,,0,
2025,6,76166,76166,31179,-5.8354830239214435,-3.902022847729091,366307,0,,0,0,,0,,35971,-5.9877373439715331,17551,1591,11904,0,23515,-10,110,4.1478514523951295,0,,0,
2025,7,82194,82194,31796,-5.6419106017470879,-3.5755214412549723,396766,0,,0,0,,0,,45502,-5.42847127598787,17975,1539,12130,0,23722,-10,130,4.3649995468640137,0,,0,
2025,8,81680,81680,34011,-5.7879773258732321,-3.517847602007929,395443,0,,0,0,,0,,47202,-5.6878140756747664,19298,1924,12644,0,25034,-10,570,4.9143144836807187,0,,0,
2025,9,85932,85932,38687,-5.8802669552669569,-3.3918938409340047,412200,0,,0,0,,0,,51548,-5.9149452937068316,21035,2131,14594,0,26906,-10,160,4.2568860265591031,0,,0,
2025,10,83481,83481,38562,-6.0999424956871771,-3.9342220009687248,405159,0,,0,0,,0,,47989,-6.2839696565521823,22497,2615,13837,0,28696,-10,160,4.33184131445375,0,,0,
2025,11,91787,91787,44553,-6.2159467026921034,-4.393275139797578,452113,0,,0,0,,0,,42879,-6.1654236339466886,26782,2958,11906,0,33985,-10,496,4.7374845699099186,0,,0,
2025,12,82136,82136,39905,-6.2288735481043229,-4.1958866092288689,408944,0,,0,0,,0,,38857,-6.1602728091622723,24407,2714,11127,0,30506,-10,312,4.6495460581733248,0,,0,
2025,13,74914,74914,34729,-6.0956349947940245,-4.5740680335988326,373425,0,,0,0,,0,,32407,-6.01831703027124,20437,2039,10885,0,25865,-10,150,4.2850327896408036,0,,0,
2025,14,79047,79047,36753,-6.1422609333687577,-4.2241508411405677,387773,0,,0,0,,0,,33852,-6.3400567174760765,22113,2306,12547,0,27924,-10,176,4.3285798923838108,0,,0,
2025,15,78126,78126,35718,-6.0758351893095766,-4.3906571190544188,389063,0,,0,0,,0,,39843,-6.1847978314885905,22560,1713,11300,0,28336,-10,296,4.3445871723135818,0,,0,
2025,16,77361,77361,34675,-6.0372345238556955,-4.0924768284910309,377182,0,,0,0,,0,,42743,-6.0939990173829646,21604,1666,11064,0,27486,-10,272,4.4272120636054142,0,,0,
2025,17,71696,71696,33809,-6.2099336085695152,-4.1187554728346312,355635,0,,0,0,,0,,33670,-6.4124918324918383,21309,1605,10057,0,26988,-10,192,4.3423450755230277,0,,0,
2025,18,77292,77292,37535,-6.2980929462298816,-4.0423626958202323,386775,0,,0,0,,0,,34492,-6.285321233909313,24265,1789,12216,0,29812,-10,224,4.2232435103583237,0,,0,
2025,19,77000,77000,32433,-5.93539220779221,-3.7884168758558823,376669,0,,0,0,,0,,39777,-5.7889785554466195,18925,1610,13349,0,24269,-10,264,4.1942403623629563,0,,0,
2025,20,83968,83968,41023,-6.26093108006717,-4.3110658675599467,409852,0,,0,0,,0,,35136,-6.4172790664579464,25253,1972,13212,0,31563,-10,144,4.1088218772697322,0,,0,
2025,21,82444,82444,38873,-6.1442288098588165,-4.4035712437479742,407446,0,,0,0,,0,,40912,-6.3275078216660132,23634,1648,12201,0,30011,-10,280,4.208521112067598,0,,0,
2025,22,85426,85426,41453,-6.2772762390841041,-4.5969217805752232,422138,0,,0,0,,0,,43023,-6.6300653139018655,25734,1801,12631,0,33049,-10,160,4.2745029983328715,0,,0,
2025,23,99318,99318,50098,-6.3608479832457405,-4.6198993290127808,503310,0,,0,0,,0,,29264,-6.433884636413338,30983,1967,14347,0,39825,-10,310,4.6126927725461249,0,,0,
2025,24,473,473,246,-6.4019027484143765,-4.4990180985618347,1907,0,,0,0,,0,,77,-7.2454545454545451,178,1,75,0,213,-10,30,3.5200768941718041,0,,0,
2025,25,540,540,288,-6.7905555555555557,-4.4165494772713,2291,0,,0,0,,0,,134,-7.8701492537313422,213,3,128,0,249,-10,24,3.3256244605540166,0,,0,
2025,26,48177,48177,23805,-6.294468314756,-4.31491582952457,242823,0,,0,0,,0,,22084,-6.5367143633399749,14535,899,8206,0,18727,-10,552,4.8605598813080517,0,,0,
2025,27,78979,78979,39138,-6.3388622292001724,-4.5080306664046281,397298,0,,0,0,,0,,34386,-6.4349240970162285,24520,1421,12487,0,31289,-10,432,4.6412948356602115,0,,0,
2025,28,78543,78543,38031,-6.2557108844836611,-4.4743400110116056,390404,0,,0,0,,0,,33474,-6.3004839576985079,23683,1282,11524,0,29803,-10,420,4.4135242014934688,0,,0,
2025,29,70302,70302,32163,-6.0382094392762662,-4.6818356950918876,355939,0,,0,0,,0,,29650,-6.2693895446880248,18734,2563,11211,0,24108,-10,405,4.8223382529698622,0,,0,
2025,30,71525,71525,32429,-6.0161565886053872,-4.6029531422920114,356941,0,,0,0,,0,,30722,-6.344105201484278,18488,2156,11577,0,24008,-10,147,4.3049275413105619,0,,0,
2025,31,70973,70973,31611,-5.9752271990757011,-4.4905376064014426,351081,0,,0,0,,0,,33293,-6.1967140239690037,18090,2077,10756,0,23516,-10,700,4.8695203142511572,0,,0,
2025,32,78407,78407,32286,-5.8161122873249571,-3.9988347654710266,381126,0,,0,0,,0,,40251,-5.932253416149071,18806,2123,11426,0,23796,-10,310,4.5398512303195231,0,,0,
2025,33,83279,83279,35083,-5.9053350784711656,-3.8567674804574574,407069,0,,0,0,,0,,45149,-5.9964716826507747,20275,2027,12965,0,26020,-10,340,4.4992422701245012,0,,0,
2025,34,84814,84814,38582,-6.0928125073690653,-4.389005587822699,428251,0,,0,0,,0,,39871,-6.1688069022597887,24002,2127,12218,0,30717,-10,228,4.2996716632052951,0,,0,
2025,35,73985,73985,33205,-6.0192525511928094,-3.9791452348789633,374297,0,,0,0,,0,,34999,-6.0520500585731,19569,1854,11349,0,24703,-10,330,4.4582593597158926,0,,0,
2025,36,94916,94916,48021,-6.2886823861600991,-4.9061898449705952,472007,0,,0,0,,0,,45233,-6.551966484646166,28528,1896,12561,0,36775,-10,150,4.2749634066566946,0,,0,
2025,37,82596,82596,39239,-6.1257627488013968,-4.5148929722727118,420935,0,,0,0,,0,,36736,-6.2747114547038318,21709,1833,12322,0,28913,-10,310,4.9993556539682356,0,,0,
2025,38,84815,84815,36619,-5.91349053823026,-4.199295242618895,419097,0,,0,0,,0,,40065,-6.0299263696493188,21314,1814,11870,0,27136,-10,130,4.2503924725637887,0,,0,
2025,39,77852,77852,34430,-5.9937265580845649,-4.2921929076288166,395932,0,,0,0,,0,,35058,-6.1469222431399411,19082,2667,13593,0,25492,-10,150,4.1954536984020594,0,,0,
2025,40,55150,55150,25757,-6.155524125550782,-4.3184492574100606,277396,0,,0,0,,0,,22608,-6.2405652866242045,14990,1799,9424,0,19924,-10,240,4.3619800966694848,0,,0,
2025,52,18994,18994,9532,-6.4725492260713873,-4.5062397558267762,95408,0,,0,0,,0,,8457,-6.4961452051554929,6171,352,3358,0,8020,-10,80,4.0222483181774793,0,,0,
